"filepath","label","split"
"C:\USS\Repositorios Github\Deep Learning\DeepNeuralNetworkUSS-1\Projects\Supermarket\data\train\Fruit_Apple_Golden-Delicious\Golden-Delicious_001.jpg","apple","train"
"C:\USS\Repositorios Github\Deep Learning\DeepNeuralNetworkUSS-1\Projects\Supermarket\data\train\Fruit_Apple_Golden-Delicious\Golden-Delicious_002.jpg","apple","train"
"C:\USS\Repositorios Github\Deep Learning\DeepNeuralNetworkUSS-1\Projects\Supermarket\data\train\Fruit_Apple_Golden-Delicious\Golden-Delicious_003.jpg","apple","train"
"C:\USS\Repositorios Github\Deep Learning\DeepNeuralNetworkUSS-1\Projects\Supermarket\data\train\Fruit_Apple_Golden-Delicious\Golden-Delicious_004.jpg","apple","train"
"C:\USS\Repositorios Github\Deep Learning\DeepNeuralNetworkUSS-1\Projects\Supermarket\data\train\Fruit_Apple_Golden-Delicious\Golden-Delicious_005.jpg","apple","train"
"C:\USS\Repositorios Github\Deep Learning\DeepNeuralNetworkUSS-1\Projects\Supermarket\data\train\Fruit_Apple_Golden-Delicious\Golden-Delicious_006.jpg","apple","train"
"C:\USS\Repositorios Github\Deep Learning\DeepNeuralNetworkUSS-1\Projects\Supermarket\data\train\Fruit_Apple_Golden-Delicious\Golden-Delicious_007.jpg","apple","train"
"C:\USS\Repositorios Github\Deep Learning\DeepNeuralNetworkUSS-1\Projects\Supermarket\data\train\Fruit_Apple_Golden-Delicious\Golden-Delicious_008.jpg","apple","train"
"C:\USS\Repositorios Github\Deep Learning\DeepNeuralNetworkUSS-1\Projects\Supermarket\data\train\Fruit_Apple_Golden-Delicious\Golden-Delicious_009.jpg","apple","train"
"C:\USS\Repositorios Github\Deep Learning\DeepNeuralNetworkUSS-1\Projects\Supermarket\data\train\Fruit_Apple_Golden-Delicious\Golden-Delicious_010.jpg","apple","train"
"C:\USS\Repositorios Github\Deep Learning\DeepNeuralNetworkUSS-1\Projects\Supermarket\data\train\Fruit_Apple_Golden-Delicious\Golden-Delicious_011.jpg","apple","train"
"C:\USS\Repositorios Github\Deep Learning\DeepNeuralNetworkUSS-1\Projects\Supermarket\data\train\Fruit_Apple_Golden-Delicious\Golden-Delicious_012.jpg","apple","train"
"C:\USS\Repositorios Github\Deep Learning\DeepNeuralNetworkUSS-1\Projects\Supermarket\data\train\Fruit_Apple_Golden-Delicious\Golden-Delicious_013.jpg","apple","train"
"C:\USS\Repositorios Github\Deep Learning\DeepNeuralNetworkUSS-1\Projects\Supermarket\data\train\Fruit_Apple_Golden-Delicious\Golden-Delicious_014.jpg","apple","train"
"C:\USS\Repositorios Github\Deep Learning\DeepNeuralNetworkUSS-1\Projects\Supermarket\data\train\Fruit_Apple_Golden-Delicious\Golden-Delicious_015.jpg","apple","train"
"C:\USS\Repositorios Github\Deep Learning\DeepNeuralNetworkUSS-1\Projects\Supermarket\data\train\Fruit_Apple_Golden-Delicious\Golden-Delicious_016.jpg","apple","train"
"C:\USS\Repositorios Github\Deep Learning\DeepNeuralNetworkUSS-1\Projects\Supermarket\data\train\Fruit_Apple_Golden-Delicious\Golden-Delicious_017.jpg","apple","train"
"C:\USS\Repositorios Github\Deep Learning\DeepNeuralNetworkUSS-1\Projects\Supermarket\data\train\Fruit_Apple_Golden-Delicious\Golden-Delicious_018.jpg","apple","train"
"C:\USS\Repositorios Github\Deep Learning\DeepNeuralNetworkUSS-1\Projects\Supermarket\data\train\Fruit_Apple_Golden-Delicious\Golden-Delicious_019.jpg","apple","train"
"C:\USS\Repositorios Github\Deep Learning\DeepNeuralNetworkUSS-1\Projects\Supermarket\data\train\Fruit_Apple_Golden-Delicious\Golden-Delicious_020.jpg","apple","train"
"C:\USS\Repositorios Github\Deep Learning\DeepNeuralNetworkUSS-1\Projects\Supermarket\data\train\Fruit_Apple_Golden-Delicious\Golden-Delicious_021.jpg","apple","train"
"C:\USS\Repositorios Github\Deep Learning\DeepNeuralNetworkUSS-1\Projects\Supermarket\data\train\Fruit_Apple_Golden-Delicious\Golden-Delicious_022.jpg","apple","train"
"C:\USS\Repositorios Github\Deep Learning\DeepNeuralNetworkUSS-1\Projects\Supermarket\data\train\Fruit_Apple_Golden-Delicious\Golden-Delicious_023.jpg","apple","train"
"C:\USS\Repositorios Github\Deep Learning\DeepNeuralNetworkUSS-1\Projects\Supermarket\data\train\Fruit_Apple_Golden-Delicious\Golden-Delicious_024.jpg","apple","train"
"C:\USS\Repositorios Github\Deep Learning\DeepNeuralNetworkUSS-1\Projects\Supermarket\data\train\Fruit_Apple_Golden-Delicious\Golden-Delicious_025.jpg","apple","train"
"C:\USS\Repositorios Github\Deep Learning\DeepNeuralNetworkUSS-1\Projects\Supermarket\data\train\Fruit_Apple_Golden-Delicious\Golden-Delicious_026.jpg","apple","train"
"C:\USS\Repositorios Github\Deep Learning\DeepNeuralNetworkUSS-1\Projects\Supermarket\data\train\Fruit_Apple_Golden-Delicious\Golden-Delicious_027.jpg","apple","train"
"C:\USS\Repositorios Github\Deep Learning\DeepNeuralNetworkUSS-1\Projects\Supermarket\data\train\Fruit_Apple_Golden-Delicious\Golden-Delicious_028.jpg","apple","train"
"C:\USS\Repositorios Github\Deep Learning\DeepNeuralNetworkUSS-1\Projects\Supermarket\data\train\Fruit_Apple_Golden-Delicious\Golden-Delicious_029.jpg","apple","train"
"C:\USS\Repositorios Github\Deep Learning\DeepNeuralNetworkUSS-1\Projects\Supermarket\data\train\Fruit_Apple_Golden-Delicious\Golden-Delicious_030.jpg","apple","train"
"C:\USS\Repositorios Github\Deep Learning\DeepNeuralNetworkUSS-1\Projects\Supermarket\data\train\Fruit_Apple_Golden-Delicious\Golden-Delicious_031.jpg","apple","train"
"C:\USS\Repositorios Github\Deep Learning\DeepNeuralNetworkUSS-1\Projects\Supermarket\data\train\Fruit_Apple_Golden-Delicious\Golden-Delicious_032.jpg","apple","train"
"C:\USS\Repositorios Github\Deep Learning\DeepNeuralNetworkUSS-1\Projects\Supermarket\data\train\Fruit_Apple_Golden-Delicious\Golden-Delicious_033.jpg","apple","train"
"C:\USS\Repositorios Github\Deep Learning\DeepNeuralNetworkUSS-1\Projects\Supermarket\data\train\Fruit_Apple_Golden-Delicious\Golden-Delicious_034.jpg","apple","train"
"C:\USS\Repositorios Github\Deep Learning\DeepNeuralNetworkUSS-1\Projects\Supermarket\data\train\Fruit_Apple_Golden-Delicious\Golden-Delicious_035.jpg","apple","train"
"C:\USS\Repositorios Github\Deep Learning\DeepNeuralNetworkUSS-1\Projects\Supermarket\data\train\Fruit_Apple_Golden-Delicious\Golden-Delicious_036.jpg","apple","train"
"C:\USS\Repositorios Github\Deep Learning\DeepNeuralNetworkUSS-1\Projects\Supermarket\data\train\Fruit_Apple_Golden-Delicious\Golden-Delicious_037.jpg","apple","train"
"C:\USS\Repositorios Github\Deep Learning\DeepNeuralNetworkUSS-1\Projects\Supermarket\data\train\Fruit_Apple_Golden-Delicious\Golden-Delicious_038.jpg","apple","train"
"C:\USS\Repositorios Github\Deep Learning\DeepNeuralNetworkUSS-1\Projects\Supermarket\data\train\Fruit_Apple_Golden-Delicious\Golden-Delicious_039.jpg","apple","train"
"C:\USS\Repositorios Github\Deep Learning\DeepNeuralNetworkUSS-1\Projects\Supermarket\data\train\Fruit_Apple_Golden-Delicious\Golden-Delicious_040.jpg","apple","train"
"C:\USS\Repositorios Github\Deep Learning\DeepNeuralNetworkUSS-1\Projects\Supermarket\data\train\Fruit_Apple_Golden-Delicious\Golden-Delicious_041.jpg","apple","train"
"C:\USS\Repositorios Github\Deep Learning\DeepNeuralNetworkUSS-1\Projects\Supermarket\data\train\Fruit_Apple_Golden-Delicious\Golden-Delicious_042.jpg","apple","train"
"C:\USS\Repositorios Github\Deep Learning\DeepNeuralNetworkUSS-1\Projects\Supermarket\data\train\Fruit_Apple_Golden-Delicious\Golden-Delicious_043.jpg","apple","train"
"C:\USS\Repositorios Github\Deep Learning\DeepNeuralNetworkUSS-1\Projects\Supermarket\data\train\Fruit_Apple_Golden-Delicious\Golden-Delicious_044.jpg","apple","train"
"C:\USS\Repositorios Github\Deep Learning\DeepNeuralNetworkUSS-1\Projects\Supermarket\data\train\Fruit_Apple_Golden-Delicious\Golden-Delicious_045.jpg","apple","train"
"C:\USS\Repositorios Github\Deep Learning\DeepNeuralNetworkUSS-1\Projects\Supermarket\data\train\Fruit_Apple_Granny-Smith\Granny-Smith_001.jpg","apple","train"
"C:\USS\Repositorios Github\Deep Learning\DeepNeuralNetworkUSS-1\Projects\Supermarket\data\train\Fruit_Apple_Granny-Smith\Granny-Smith_002.jpg","apple","train"
"C:\USS\Repositorios Github\Deep Learning\DeepNeuralNetworkUSS-1\Projects\Supermarket\data\train\Fruit_Apple_Granny-Smith\Granny-Smith_003.jpg","apple","train"
"C:\USS\Repositorios Github\Deep Learning\DeepNeuralNetworkUSS-1\Projects\Supermarket\data\train\Fruit_Apple_Granny-Smith\Granny-Smith_004.jpg","apple","train"
"C:\USS\Repositorios Github\Deep Learning\DeepNeuralNetworkUSS-1\Projects\Supermarket\data\train\Fruit_Apple_Granny-Smith\Granny-Smith_005.jpg","apple","train"
"C:\USS\Repositorios Github\Deep Learning\DeepNeuralNetworkUSS-1\Projects\Supermarket\data\train\Fruit_Apple_Granny-Smith\Granny-Smith_006.jpg","apple","train"
"C:\USS\Repositorios Github\Deep Learning\DeepNeuralNetworkUSS-1\Projects\Supermarket\data\train\Fruit_Apple_Granny-Smith\Granny-Smith_007.jpg","apple","train"
"C:\USS\Repositorios Github\Deep Learning\DeepNeuralNetworkUSS-1\Projects\Supermarket\data\train\Fruit_Apple_Granny-Smith\Granny-Smith_008.jpg","apple","train"
"C:\USS\Repositorios Github\Deep Learning\DeepNeuralNetworkUSS-1\Projects\Supermarket\data\train\Fruit_Apple_Granny-Smith\Granny-Smith_009.jpg","apple","train"
"C:\USS\Repositorios Github\Deep Learning\DeepNeuralNetworkUSS-1\Projects\Supermarket\data\train\Fruit_Apple_Granny-Smith\Granny-Smith_010.jpg","apple","train"
"C:\USS\Repositorios Github\Deep Learning\DeepNeuralNetworkUSS-1\Projects\Supermarket\data\train\Fruit_Apple_Granny-Smith\Granny-Smith_011.jpg","apple","train"
"C:\USS\Repositorios Github\Deep Learning\DeepNeuralNetworkUSS-1\Projects\Supermarket\data\train\Fruit_Apple_Granny-Smith\Granny-Smith_012.jpg","apple","train"
"C:\USS\Repositorios Github\Deep Learning\DeepNeuralNetworkUSS-1\Projects\Supermarket\data\train\Fruit_Apple_Granny-Smith\Granny-Smith_013.jpg","apple","train"
"C:\USS\Repositorios Github\Deep Learning\DeepNeuralNetworkUSS-1\Projects\Supermarket\data\train\Fruit_Apple_Granny-Smith\Granny-Smith_014.jpg","apple","train"
"C:\USS\Repositorios Github\Deep Learning\DeepNeuralNetworkUSS-1\Projects\Supermarket\data\train\Fruit_Apple_Granny-Smith\Granny-Smith_015.jpg","apple","train"
"C:\USS\Repositorios Github\Deep Learning\DeepNeuralNetworkUSS-1\Projects\Supermarket\data\train\Fruit_Apple_Granny-Smith\Granny-Smith_016.jpg","apple","train"
"C:\USS\Repositorios Github\Deep Learning\DeepNeuralNetworkUSS-1\Projects\Supermarket\data\train\Fruit_Apple_Granny-Smith\Granny-Smith_017.jpg","apple","train"
"C:\USS\Repositorios Github\Deep Learning\DeepNeuralNetworkUSS-1\Projects\Supermarket\data\train\Fruit_Apple_Granny-Smith\Granny-Smith_018.jpg","apple","train"
"C:\USS\Repositorios Github\Deep Learning\DeepNeuralNetworkUSS-1\Projects\Supermarket\data\train\Fruit_Apple_Granny-Smith\Granny-Smith_019.jpg","apple","train"
"C:\USS\Repositorios Github\Deep Learning\DeepNeuralNetworkUSS-1\Projects\Supermarket\data\train\Fruit_Apple_Granny-Smith\Granny-Smith_020.jpg","apple","train"
"C:\USS\Repositorios Github\Deep Learning\DeepNeuralNetworkUSS-1\Projects\Supermarket\data\train\Fruit_Apple_Granny-Smith\Granny-Smith_021.jpg","apple","train"
"C:\USS\Repositorios Github\Deep Learning\DeepNeuralNetworkUSS-1\Projects\Supermarket\data\train\Fruit_Apple_Granny-Smith\Granny-Smith_022.jpg","apple","train"
"C:\USS\Repositorios Github\Deep Learning\DeepNeuralNetworkUSS-1\Projects\Supermarket\data\train\Fruit_Apple_Granny-Smith\Granny-Smith_023.jpg","apple","train"
"C:\USS\Repositorios Github\Deep Learning\DeepNeuralNetworkUSS-1\Projects\Supermarket\data\train\Fruit_Apple_Granny-Smith\Granny-Smith_024.jpg","apple","train"
"C:\USS\Repositorios Github\Deep Learning\DeepNeuralNetworkUSS-1\Projects\Supermarket\data\train\Fruit_Apple_Granny-Smith\Granny-Smith_025.jpg","apple","train"
"C:\USS\Repositorios Github\Deep Learning\DeepNeuralNetworkUSS-1\Projects\Supermarket\data\train\Fruit_Apple_Granny-Smith\Granny-Smith_026.jpg","apple","train"
"C:\USS\Repositorios Github\Deep Learning\DeepNeuralNetworkUSS-1\Projects\Supermarket\data\train\Fruit_Apple_Granny-Smith\Granny-Smith_027.jpg","apple","train"
"C:\USS\Repositorios Github\Deep Learning\DeepNeuralNetworkUSS-1\Projects\Supermarket\data\train\Fruit_Apple_Granny-Smith\Granny-Smith_028.jpg","apple","train"
"C:\USS\Repositorios Github\Deep Learning\DeepNeuralNetworkUSS-1\Projects\Supermarket\data\train\Fruit_Apple_Granny-Smith\Granny-Smith_029.jpg","apple","train"
"C:\USS\Repositorios Github\Deep Learning\DeepNeuralNetworkUSS-1\Projects\Supermarket\data\train\Fruit_Apple_Granny-Smith\Granny-Smith_030.jpg","apple","train"
"C:\USS\Repositorios Github\Deep Learning\DeepNeuralNetworkUSS-1\Projects\Supermarket\data\train\Fruit_Apple_Granny-Smith\Granny-Smith_031.jpg","apple","train"
"C:\USS\Repositorios Github\Deep Learning\DeepNeuralNetworkUSS-1\Projects\Supermarket\data\train\Fruit_Apple_Granny-Smith\Granny-Smith_032.jpg","apple","train"
"C:\USS\Repositorios Github\Deep Learning\DeepNeuralNetworkUSS-1\Projects\Supermarket\data\train\Fruit_Apple_Granny-Smith\Granny-Smith_033.jpg","apple","train"
"C:\USS\Repositorios Github\Deep Learning\DeepNeuralNetworkUSS-1\Projects\Supermarket\data\train\Fruit_Apple_Granny-Smith\Granny-Smith_034.jpg","apple","train"
"C:\USS\Repositorios Github\Deep Learning\DeepNeuralNetworkUSS-1\Projects\Supermarket\data\train\Fruit_Apple_Granny-Smith\Granny-Smith_035.jpg","apple","train"
"C:\USS\Repositorios Github\Deep Learning\DeepNeuralNetworkUSS-1\Projects\Supermarket\data\train\Fruit_Apple_Granny-Smith\Granny-Smith_036.jpg","apple","train"
"C:\USS\Repositorios Github\Deep Learning\DeepNeuralNetworkUSS-1\Projects\Supermarket\data\train\Fruit_Apple_Granny-Smith\Granny-Smith_037.jpg","apple","train"
"C:\USS\Repositorios Github\Deep Learning\DeepNeuralNetworkUSS-1\Projects\Supermarket\data\train\Fruit_Apple_Granny-Smith\Granny-Smith_038.jpg","apple","train"
"C:\USS\Repositorios Github\Deep Learning\DeepNeuralNetworkUSS-1\Projects\Supermarket\data\train\Fruit_Apple_Granny-Smith\Granny-Smith_039.jpg","apple","train"
"C:\USS\Repositorios Github\Deep Learning\DeepNeuralNetworkUSS-1\Projects\Supermarket\data\train\Fruit_Apple_Granny-Smith\Granny-Smith_040.jpg","apple","train"
"C:\USS\Repositorios Github\Deep Learning\DeepNeuralNetworkUSS-1\Projects\Supermarket\data\train\Fruit_Apple_Granny-Smith\Granny-Smith_041.jpg","apple","train"
"C:\USS\Repositorios Github\Deep Learning\DeepNeuralNetworkUSS-1\Projects\Supermarket\data\train\Fruit_Apple_Granny-Smith\Granny-Smith_042.jpg","apple","train"
"C:\USS\Repositorios Github\Deep Learning\DeepNeuralNetworkUSS-1\Projects\Supermarket\data\train\Fruit_Apple_Granny-Smith\Granny-Smith_043.jpg","apple","train"
"C:\USS\Repositorios Github\Deep Learning\DeepNeuralNetworkUSS-1\Projects\Supermarket\data\train\Fruit_Apple_Granny-Smith\Granny-Smith_044.jpg","apple","train"
"C:\USS\Repositorios Github\Deep Learning\DeepNeuralNetworkUSS-1\Projects\Supermarket\data\train\Fruit_Apple_Granny-Smith\Granny-Smith_045.jpg","apple","train"
"C:\USS\Repositorios Github\Deep Learning\DeepNeuralNetworkUSS-1\Projects\Supermarket\data\train\Fruit_Apple_Granny-Smith\Granny-Smith_046.jpg","apple","train"
"C:\USS\Repositorios Github\Deep Learning\DeepNeuralNetworkUSS-1\Projects\Supermarket\data\train\Fruit_Apple_Granny-Smith\Granny-Smith_047.jpg","apple","train"
"C:\USS\Repositorios Github\Deep Learning\DeepNeuralNetworkUSS-1\Projects\Supermarket\data\train\Fruit_Apple_Granny-Smith\Granny-Smith_048.jpg","apple","train"
"C:\USS\Repositorios Github\Deep Learning\DeepNeuralNetworkUSS-1\Projects\Supermarket\data\train\Fruit_Apple_Granny-Smith\Granny-Smith_049.jpg","apple","train"
"C:\USS\Repositorios Github\Deep Learning\DeepNeuralNetworkUSS-1\Projects\Supermarket\data\train\Fruit_Apple_Granny-Smith\Granny-Smith_050.jpg","apple","train"
"C:\USS\Repositorios Github\Deep Learning\DeepNeuralNetworkUSS-1\Projects\Supermarket\data\train\Fruit_Apple_Granny-Smith\Granny-Smith_051.jpg","apple","train"
"C:\USS\Repositorios Github\Deep Learning\DeepNeuralNetworkUSS-1\Projects\Supermarket\data\train\Fruit_Apple_Granny-Smith\Granny-Smith_052.jpg","apple","train"
"C:\USS\Repositorios Github\Deep Learning\DeepNeuralNetworkUSS-1\Projects\Supermarket\data\train\Fruit_Apple_Granny-Smith\Granny-Smith_053.jpg","apple","train"
"C:\USS\Repositorios Github\Deep Learning\DeepNeuralNetworkUSS-1\Projects\Supermarket\data\train\Fruit_Apple_Granny-Smith\Granny-Smith_054.jpg","apple","train"
"C:\USS\Repositorios Github\Deep Learning\DeepNeuralNetworkUSS-1\Projects\Supermarket\data\train\Fruit_Apple_Granny-Smith\Granny-Smith_055.jpg","apple","train"
"C:\USS\Repositorios Github\Deep Learning\DeepNeuralNetworkUSS-1\Projects\Supermarket\data\train\Fruit_Apple_Granny-Smith\Granny-Smith_056.jpg","apple","train"
"C:\USS\Repositorios Github\Deep Learning\DeepNeuralNetworkUSS-1\Projects\Supermarket\data\train\Fruit_Apple_Granny-Smith\Granny-Smith_057.jpg","apple","train"
"C:\USS\Repositorios Github\Deep Learning\DeepNeuralNetworkUSS-1\Projects\Supermarket\data\train\Fruit_Apple_Granny-Smith\Granny-Smith_058.jpg","apple","train"
"C:\USS\Repositorios Github\Deep Learning\DeepNeuralNetworkUSS-1\Projects\Supermarket\data\train\Fruit_Apple_Granny-Smith\Granny-Smith_059.jpg","apple","train"
"C:\USS\Repositorios Github\Deep Learning\DeepNeuralNetworkUSS-1\Projects\Supermarket\data\train\Fruit_Apple_Pink-Lady\Pink-Lady_001.jpg","apple","train"
"C:\USS\Repositorios Github\Deep Learning\DeepNeuralNetworkUSS-1\Projects\Supermarket\data\train\Fruit_Apple_Pink-Lady\Pink-Lady_002.jpg","apple","train"
"C:\USS\Repositorios Github\Deep Learning\DeepNeuralNetworkUSS-1\Projects\Supermarket\data\train\Fruit_Apple_Pink-Lady\Pink-Lady_003.jpg","apple","train"
"C:\USS\Repositorios Github\Deep Learning\DeepNeuralNetworkUSS-1\Projects\Supermarket\data\train\Fruit_Apple_Pink-Lady\Pink-Lady_004.jpg","apple","train"
"C:\USS\Repositorios Github\Deep Learning\DeepNeuralNetworkUSS-1\Projects\Supermarket\data\train\Fruit_Apple_Pink-Lady\Pink-Lady_005.jpg","apple","train"
"C:\USS\Repositorios Github\Deep Learning\DeepNeuralNetworkUSS-1\Projects\Supermarket\data\train\Fruit_Apple_Pink-Lady\Pink-Lady_006.jpg","apple","train"
"C:\USS\Repositorios Github\Deep Learning\DeepNeuralNetworkUSS-1\Projects\Supermarket\data\train\Fruit_Apple_Pink-Lady\Pink-Lady_007.jpg","apple","train"
"C:\USS\Repositorios Github\Deep Learning\DeepNeuralNetworkUSS-1\Projects\Supermarket\data\train\Fruit_Apple_Pink-Lady\Pink-Lady_008.jpg","apple","train"
"C:\USS\Repositorios Github\Deep Learning\DeepNeuralNetworkUSS-1\Projects\Supermarket\data\train\Fruit_Apple_Pink-Lady\Pink-Lady_009.jpg","apple","train"
"C:\USS\Repositorios Github\Deep Learning\DeepNeuralNetworkUSS-1\Projects\Supermarket\data\train\Fruit_Apple_Pink-Lady\Pink-Lady_010.jpg","apple","train"
"C:\USS\Repositorios Github\Deep Learning\DeepNeuralNetworkUSS-1\Projects\Supermarket\data\train\Fruit_Apple_Pink-Lady\Pink-Lady_011.jpg","apple","train"
"C:\USS\Repositorios Github\Deep Learning\DeepNeuralNetworkUSS-1\Projects\Supermarket\data\train\Fruit_Apple_Pink-Lady\Pink-Lady_012.jpg","apple","train"
"C:\USS\Repositorios Github\Deep Learning\DeepNeuralNetworkUSS-1\Projects\Supermarket\data\train\Fruit_Apple_Pink-Lady\Pink-Lady_013.jpg","apple","train"
"C:\USS\Repositorios Github\Deep Learning\DeepNeuralNetworkUSS-1\Projects\Supermarket\data\train\Fruit_Apple_Pink-Lady\Pink-Lady_014.jpg","apple","train"
"C:\USS\Repositorios Github\Deep Learning\DeepNeuralNetworkUSS-1\Projects\Supermarket\data\train\Fruit_Apple_Pink-Lady\Pink-Lady_015.jpg","apple","train"
"C:\USS\Repositorios Github\Deep Learning\DeepNeuralNetworkUSS-1\Projects\Supermarket\data\train\Fruit_Apple_Pink-Lady\Pink-Lady_016.jpg","apple","train"
"C:\USS\Repositorios Github\Deep Learning\DeepNeuralNetworkUSS-1\Projects\Supermarket\data\train\Fruit_Apple_Pink-Lady\Pink-Lady_017.jpg","apple","train"
"C:\USS\Repositorios Github\Deep Learning\DeepNeuralNetworkUSS-1\Projects\Supermarket\data\train\Fruit_Apple_Pink-Lady\Pink-Lady_018.jpg","apple","train"
"C:\USS\Repositorios Github\Deep Learning\DeepNeuralNetworkUSS-1\Projects\Supermarket\data\train\Fruit_Apple_Pink-Lady\Pink-Lady_019.jpg","apple","train"
"C:\USS\Repositorios Github\Deep Learning\DeepNeuralNetworkUSS-1\Projects\Supermarket\data\train\Fruit_Apple_Pink-Lady\Pink-Lady_020.jpg","apple","train"
"C:\USS\Repositorios Github\Deep Learning\DeepNeuralNetworkUSS-1\Projects\Supermarket\data\train\Fruit_Apple_Pink-Lady\Pink-Lady_021.jpg","apple","train"
"C:\USS\Repositorios Github\Deep Learning\DeepNeuralNetworkUSS-1\Projects\Supermarket\data\train\Fruit_Apple_Pink-Lady\Pink-Lady_022.jpg","apple","train"
"C:\USS\Repositorios Github\Deep Learning\DeepNeuralNetworkUSS-1\Projects\Supermarket\data\train\Fruit_Apple_Pink-Lady\Pink-Lady_023.jpg","apple","train"
"C:\USS\Repositorios Github\Deep Learning\DeepNeuralNetworkUSS-1\Projects\Supermarket\data\train\Fruit_Apple_Pink-Lady\Pink-Lady_024.jpg","apple","train"
"C:\USS\Repositorios Github\Deep Learning\DeepNeuralNetworkUSS-1\Projects\Supermarket\data\train\Fruit_Apple_Pink-Lady\Pink-Lady_025.jpg","apple","train"
"C:\USS\Repositorios Github\Deep Learning\DeepNeuralNetworkUSS-1\Projects\Supermarket\data\train\Fruit_Apple_Pink-Lady\Pink-Lady_026.jpg","apple","train"
"C:\USS\Repositorios Github\Deep Learning\DeepNeuralNetworkUSS-1\Projects\Supermarket\data\train\Fruit_Apple_Pink-Lady\Pink-Lady_027.jpg","apple","train"
"C:\USS\Repositorios Github\Deep Learning\DeepNeuralNetworkUSS-1\Projects\Supermarket\data\train\Fruit_Apple_Pink-Lady\Pink-Lady_028.jpg","apple","train"
"C:\USS\Repositorios Github\Deep Learning\DeepNeuralNetworkUSS-1\Projects\Supermarket\data\train\Fruit_Apple_Pink-Lady\Pink-Lady_029.jpg","apple","train"
"C:\USS\Repositorios Github\Deep Learning\DeepNeuralNetworkUSS-1\Projects\Supermarket\data\train\Fruit_Apple_Pink-Lady\Pink-Lady_030.jpg","apple","train"
"C:\USS\Repositorios Github\Deep Learning\DeepNeuralNetworkUSS-1\Projects\Supermarket\data\train\Fruit_Apple_Pink-Lady\Pink-Lady_031.jpg","apple","train"
"C:\USS\Repositorios Github\Deep Learning\DeepNeuralNetworkUSS-1\Projects\Supermarket\data\train\Fruit_Apple_Pink-Lady\Pink-Lady_032.jpg","apple","train"
"C:\USS\Repositorios Github\Deep Learning\DeepNeuralNetworkUSS-1\Projects\Supermarket\data\train\Fruit_Apple_Pink-Lady\Pink-Lady_033.jpg","apple","train"
"C:\USS\Repositorios Github\Deep Learning\DeepNeuralNetworkUSS-1\Projects\Supermarket\data\train\Fruit_Apple_Pink-Lady\Pink-Lady_034.jpg","apple","train"
"C:\USS\Repositorios Github\Deep Learning\DeepNeuralNetworkUSS-1\Projects\Supermarket\data\train\Fruit_Apple_Pink-Lady\Pink-Lady_035.jpg","apple","train"
"C:\USS\Repositorios Github\Deep Learning\DeepNeuralNetworkUSS-1\Projects\Supermarket\data\train\Fruit_Apple_Pink-Lady\Pink-Lady_036.jpg","apple","train"
"C:\USS\Repositorios Github\Deep Learning\DeepNeuralNetworkUSS-1\Projects\Supermarket\data\train\Fruit_Apple_Pink-Lady\Pink-Lady_037.jpg","apple","train"
"C:\USS\Repositorios Github\Deep Learning\DeepNeuralNetworkUSS-1\Projects\Supermarket\data\train\Fruit_Apple_Pink-Lady\Pink-Lady_038.jpg","apple","train"
"C:\USS\Repositorios Github\Deep Learning\DeepNeuralNetworkUSS-1\Projects\Supermarket\data\train\Fruit_Apple_Pink-Lady\Pink-Lady_039.jpg","apple","train"
"C:\USS\Repositorios Github\Deep Learning\DeepNeuralNetworkUSS-1\Projects\Supermarket\data\train\Fruit_Apple_Pink-Lady\Pink-Lady_040.jpg","apple","train"
"C:\USS\Repositorios Github\Deep Learning\DeepNeuralNetworkUSS-1\Projects\Supermarket\data\train\Fruit_Apple_Pink-Lady\Pink-Lady_041.jpg","apple","train"
"C:\USS\Repositorios Github\Deep Learning\DeepNeuralNetworkUSS-1\Projects\Supermarket\data\train\Fruit_Apple_Pink-Lady\Pink-Lady_042.jpg","apple","train"
"C:\USS\Repositorios Github\Deep Learning\DeepNeuralNetworkUSS-1\Projects\Supermarket\data\train\Fruit_Apple_Pink-Lady\Pink-Lady_043.jpg","apple","train"
"C:\USS\Repositorios Github\Deep Learning\DeepNeuralNetworkUSS-1\Projects\Supermarket\data\train\Fruit_Apple_Pink-Lady\Pink-Lady_044.jpg","apple","train"
"C:\USS\Repositorios Github\Deep Learning\DeepNeuralNetworkUSS-1\Projects\Supermarket\data\train\Fruit_Apple_Pink-Lady\Pink-Lady_045.jpg","apple","train"
"C:\USS\Repositorios Github\Deep Learning\DeepNeuralNetworkUSS-1\Projects\Supermarket\data\train\Fruit_Apple_Pink-Lady\Pink-Lady_046.jpg","apple","train"
"C:\USS\Repositorios Github\Deep Learning\DeepNeuralNetworkUSS-1\Projects\Supermarket\data\train\Fruit_Apple_Pink-Lady\Pink-Lady_047.jpg","apple","train"
"C:\USS\Repositorios Github\Deep Learning\DeepNeuralNetworkUSS-1\Projects\Supermarket\data\train\Fruit_Apple_Pink-Lady\Pink-Lady_048.jpg","apple","train"
"C:\USS\Repositorios Github\Deep Learning\DeepNeuralNetworkUSS-1\Projects\Supermarket\data\train\Fruit_Apple_Pink-Lady\Pink-Lady_049.jpg","apple","train"
"C:\USS\Repositorios Github\Deep Learning\DeepNeuralNetworkUSS-1\Projects\Supermarket\data\train\Fruit_Apple_Pink-Lady\Pink-Lady_050.jpg","apple","train"
"C:\USS\Repositorios Github\Deep Learning\DeepNeuralNetworkUSS-1\Projects\Supermarket\data\train\Fruit_Apple_Pink-Lady\Pink-Lady_051.jpg","apple","train"
"C:\USS\Repositorios Github\Deep Learning\DeepNeuralNetworkUSS-1\Projects\Supermarket\data\train\Fruit_Apple_Pink-Lady\Pink-Lady_052.jpg","apple","train"
"C:\USS\Repositorios Github\Deep Learning\DeepNeuralNetworkUSS-1\Projects\Supermarket\data\train\Fruit_Apple_Pink-Lady\Pink-Lady_053.jpg","apple","train"
"C:\USS\Repositorios Github\Deep Learning\DeepNeuralNetworkUSS-1\Projects\Supermarket\data\train\Fruit_Apple_Pink-Lady\Pink-Lady_054.jpg","apple","train"
"C:\USS\Repositorios Github\Deep Learning\DeepNeuralNetworkUSS-1\Projects\Supermarket\data\train\Fruit_Apple_Pink-Lady\Pink-Lady_055.jpg","apple","train"
"C:\USS\Repositorios Github\Deep Learning\DeepNeuralNetworkUSS-1\Projects\Supermarket\data\train\Fruit_Apple_Pink-Lady\Pink-Lady_056.jpg","apple","train"
"C:\USS\Repositorios Github\Deep Learning\DeepNeuralNetworkUSS-1\Projects\Supermarket\data\train\Fruit_Apple_Pink-Lady\Pink-Lady_057.jpg","apple","train"
"C:\USS\Repositorios Github\Deep Learning\DeepNeuralNetworkUSS-1\Projects\Supermarket\data\train\Fruit_Apple_Pink-Lady\Pink-Lady_058.jpg","apple","train"
"C:\USS\Repositorios Github\Deep Learning\DeepNeuralNetworkUSS-1\Projects\Supermarket\data\train\Fruit_Apple_Pink-Lady\Pink-Lady_059.jpg","apple","train"
"C:\USS\Repositorios Github\Deep Learning\DeepNeuralNetworkUSS-1\Projects\Supermarket\data\train\Fruit_Apple_Red-Delicious\Red-Delicious_004.jpg","apple","train"
"C:\USS\Repositorios Github\Deep Learning\DeepNeuralNetworkUSS-1\Projects\Supermarket\data\train\Fruit_Apple_Red-Delicious\Red-Delicious_005.jpg","apple","train"
"C:\USS\Repositorios Github\Deep Learning\DeepNeuralNetworkUSS-1\Projects\Supermarket\data\train\Fruit_Apple_Red-Delicious\Red-Delicious_006.jpg","apple","train"
"C:\USS\Repositorios Github\Deep Learning\DeepNeuralNetworkUSS-1\Projects\Supermarket\data\train\Fruit_Apple_Red-Delicious\Red-Delicious_007.jpg","apple","train"
"C:\USS\Repositorios Github\Deep Learning\DeepNeuralNetworkUSS-1\Projects\Supermarket\data\train\Fruit_Apple_Red-Delicious\Red-Delicious_008.jpg","apple","train"
"C:\USS\Repositorios Github\Deep Learning\DeepNeuralNetworkUSS-1\Projects\Supermarket\data\train\Fruit_Apple_Red-Delicious\Red-Delicious_009.jpg","apple","train"
"C:\USS\Repositorios Github\Deep Learning\DeepNeuralNetworkUSS-1\Projects\Supermarket\data\train\Fruit_Apple_Red-Delicious\Red-Delicious_010.jpg","apple","train"
"C:\USS\Repositorios Github\Deep Learning\DeepNeuralNetworkUSS-1\Projects\Supermarket\data\train\Fruit_Apple_Red-Delicious\Red-Delicious_011.jpg","apple","train"
"C:\USS\Repositorios Github\Deep Learning\DeepNeuralNetworkUSS-1\Projects\Supermarket\data\train\Fruit_Apple_Red-Delicious\Red-Delicious_012.jpg","apple","train"
"C:\USS\Repositorios Github\Deep Learning\DeepNeuralNetworkUSS-1\Projects\Supermarket\data\train\Fruit_Apple_Red-Delicious\Red-Delicious_013.jpg","apple","train"
"C:\USS\Repositorios Github\Deep Learning\DeepNeuralNetworkUSS-1\Projects\Supermarket\data\train\Fruit_Apple_Red-Delicious\Red-Delicious_018.jpg","apple","train"
"C:\USS\Repositorios Github\Deep Learning\DeepNeuralNetworkUSS-1\Projects\Supermarket\data\train\Fruit_Apple_Red-Delicious\Red-Delicious_019.jpg","apple","train"
"C:\USS\Repositorios Github\Deep Learning\DeepNeuralNetworkUSS-1\Projects\Supermarket\data\train\Fruit_Apple_Red-Delicious\Red-Delicious_020.jpg","apple","train"
"C:\USS\Repositorios Github\Deep Learning\DeepNeuralNetworkUSS-1\Projects\Supermarket\data\train\Fruit_Apple_Red-Delicious\Red-Delicious_021.jpg","apple","train"
"C:\USS\Repositorios Github\Deep Learning\DeepNeuralNetworkUSS-1\Projects\Supermarket\data\train\Fruit_Apple_Red-Delicious\Red-Delicious_022.jpg","apple","train"
"C:\USS\Repositorios Github\Deep Learning\DeepNeuralNetworkUSS-1\Projects\Supermarket\data\train\Fruit_Apple_Red-Delicious\Red-Delicious_023.jpg","apple","train"
"C:\USS\Repositorios Github\Deep Learning\DeepNeuralNetworkUSS-1\Projects\Supermarket\data\train\Fruit_Apple_Red-Delicious\Red-Delicious_024.jpg","apple","train"
"C:\USS\Repositorios Github\Deep Learning\DeepNeuralNetworkUSS-1\Projects\Supermarket\data\train\Fruit_Apple_Red-Delicious\Red-Delicious_025.jpg","apple","train"
"C:\USS\Repositorios Github\Deep Learning\DeepNeuralNetworkUSS-1\Projects\Supermarket\data\train\Fruit_Apple_Red-Delicious\Red-Delicious_026.jpg","apple","train"
"C:\USS\Repositorios Github\Deep Learning\DeepNeuralNetworkUSS-1\Projects\Supermarket\data\train\Fruit_Apple_Red-Delicious\Red-Delicious_027.jpg","apple","train"
"C:\USS\Repositorios Github\Deep Learning\DeepNeuralNetworkUSS-1\Projects\Supermarket\data\train\Fruit_Apple_Red-Delicious\Red-Delicious_028.jpg","apple","train"
"C:\USS\Repositorios Github\Deep Learning\DeepNeuralNetworkUSS-1\Projects\Supermarket\data\train\Fruit_Apple_Red-Delicious\Red-Delicious_030.jpg","apple","train"
"C:\USS\Repositorios Github\Deep Learning\DeepNeuralNetworkUSS-1\Projects\Supermarket\data\train\Fruit_Apple_Red-Delicious\Red-Delicious_031.jpg","apple","train"
"C:\USS\Repositorios Github\Deep Learning\DeepNeuralNetworkUSS-1\Projects\Supermarket\data\train\Fruit_Apple_Red-Delicious\Red-Delicious_032.jpg","apple","train"
"C:\USS\Repositorios Github\Deep Learning\DeepNeuralNetworkUSS-1\Projects\Supermarket\data\train\Fruit_Apple_Red-Delicious\Red-Delicious_033.jpg","apple","train"
"C:\USS\Repositorios Github\Deep Learning\DeepNeuralNetworkUSS-1\Projects\Supermarket\data\train\Fruit_Apple_Red-Delicious\Red-Delicious_034.jpg","apple","train"
"C:\USS\Repositorios Github\Deep Learning\DeepNeuralNetworkUSS-1\Projects\Supermarket\data\train\Fruit_Apple_Red-Delicious\Red-Delicious_035.jpg","apple","train"
"C:\USS\Repositorios Github\Deep Learning\DeepNeuralNetworkUSS-1\Projects\Supermarket\data\train\Fruit_Apple_Red-Delicious\Red-Delicious_036.jpg","apple","train"
"C:\USS\Repositorios Github\Deep Learning\DeepNeuralNetworkUSS-1\Projects\Supermarket\data\train\Fruit_Apple_Red-Delicious\Red-Delicious_037.jpg","apple","train"
"C:\USS\Repositorios Github\Deep Learning\DeepNeuralNetworkUSS-1\Projects\Supermarket\data\train\Fruit_Apple_Red-Delicious\Red-Delicious_038.jpg","apple","train"
"C:\USS\Repositorios Github\Deep Learning\DeepNeuralNetworkUSS-1\Projects\Supermarket\data\train\Fruit_Apple_Red-Delicious\Red-Delicious_039.jpg","apple","train"
"C:\USS\Repositorios Github\Deep Learning\DeepNeuralNetworkUSS-1\Projects\Supermarket\data\train\Fruit_Apple_Red-Delicious\Red-Delicious_040.jpg","apple","train"
"C:\USS\Repositorios Github\Deep Learning\DeepNeuralNetworkUSS-1\Projects\Supermarket\data\train\Fruit_Apple_Red-Delicious\Red-Delicious_041.jpg","apple","train"
"C:\USS\Repositorios Github\Deep Learning\DeepNeuralNetworkUSS-1\Projects\Supermarket\data\train\Fruit_Apple_Red-Delicious\Red-Delicious_042.jpg","apple","train"
"C:\USS\Repositorios Github\Deep Learning\DeepNeuralNetworkUSS-1\Projects\Supermarket\data\train\Fruit_Apple_Red-Delicious\Red-Delicious_043.jpg","apple","train"
"C:\USS\Repositorios Github\Deep Learning\DeepNeuralNetworkUSS-1\Projects\Supermarket\data\train\Fruit_Apple_Red-Delicious\Red-Delicious_044.jpg","apple","train"
"C:\USS\Repositorios Github\Deep Learning\DeepNeuralNetworkUSS-1\Projects\Supermarket\data\train\Fruit_Apple_Red-Delicious\Red-Delicious_045.jpg","apple","train"
"C:\USS\Repositorios Github\Deep Learning\DeepNeuralNetworkUSS-1\Projects\Supermarket\data\train\Fruit_Apple_Red-Delicious\Red-Delicious_046.jpg","apple","train"
"C:\USS\Repositorios Github\Deep Learning\DeepNeuralNetworkUSS-1\Projects\Supermarket\data\train\Fruit_Apple_Red-Delicious\Red-Delicious_047.jpg","apple","train"
"C:\USS\Repositorios Github\Deep Learning\DeepNeuralNetworkUSS-1\Projects\Supermarket\data\train\Fruit_Apple_Red-Delicious\Red-Delicious_050.jpg","apple","train"
"C:\USS\Repositorios Github\Deep Learning\DeepNeuralNetworkUSS-1\Projects\Supermarket\data\train\Fruit_Apple_Royal-Gala\Royal-Gala_001.jpg","apple","train"
"C:\USS\Repositorios Github\Deep Learning\DeepNeuralNetworkUSS-1\Projects\Supermarket\data\train\Fruit_Apple_Royal-Gala\Royal-Gala_002.jpg","apple","train"
"C:\USS\Repositorios Github\Deep Learning\DeepNeuralNetworkUSS-1\Projects\Supermarket\data\train\Fruit_Apple_Royal-Gala\Royal-Gala_003.jpg","apple","train"
"C:\USS\Repositorios Github\Deep Learning\DeepNeuralNetworkUSS-1\Projects\Supermarket\data\train\Fruit_Apple_Royal-Gala\Royal-Gala_004.jpg","apple","train"
"C:\USS\Repositorios Github\Deep Learning\DeepNeuralNetworkUSS-1\Projects\Supermarket\data\train\Fruit_Apple_Royal-Gala\Royal-Gala_005.jpg","apple","train"
"C:\USS\Repositorios Github\Deep Learning\DeepNeuralNetworkUSS-1\Projects\Supermarket\data\train\Fruit_Apple_Royal-Gala\Royal-Gala_006.jpg","apple","train"
"C:\USS\Repositorios Github\Deep Learning\DeepNeuralNetworkUSS-1\Projects\Supermarket\data\train\Fruit_Apple_Royal-Gala\Royal-Gala_007.jpg","apple","train"
"C:\USS\Repositorios Github\Deep Learning\DeepNeuralNetworkUSS-1\Projects\Supermarket\data\train\Fruit_Apple_Royal-Gala\Royal-Gala_008.jpg","apple","train"
"C:\USS\Repositorios Github\Deep Learning\DeepNeuralNetworkUSS-1\Projects\Supermarket\data\train\Fruit_Apple_Royal-Gala\Royal-Gala_009.jpg","apple","train"
"C:\USS\Repositorios Github\Deep Learning\DeepNeuralNetworkUSS-1\Projects\Supermarket\data\train\Fruit_Apple_Royal-Gala\Royal-Gala_010.jpg","apple","train"
"C:\USS\Repositorios Github\Deep Learning\DeepNeuralNetworkUSS-1\Projects\Supermarket\data\train\Fruit_Apple_Royal-Gala\Royal-Gala_011.jpg","apple","train"
"C:\USS\Repositorios Github\Deep Learning\DeepNeuralNetworkUSS-1\Projects\Supermarket\data\train\Fruit_Apple_Royal-Gala\Royal-Gala_012.jpg","apple","train"
"C:\USS\Repositorios Github\Deep Learning\DeepNeuralNetworkUSS-1\Projects\Supermarket\data\train\Fruit_Apple_Royal-Gala\Royal-Gala_013.jpg","apple","train"
"C:\USS\Repositorios Github\Deep Learning\DeepNeuralNetworkUSS-1\Projects\Supermarket\data\train\Fruit_Apple_Royal-Gala\Royal-Gala_014.jpg","apple","train"
"C:\USS\Repositorios Github\Deep Learning\DeepNeuralNetworkUSS-1\Projects\Supermarket\data\train\Fruit_Apple_Royal-Gala\Royal-Gala_015.jpg","apple","train"
"C:\USS\Repositorios Github\Deep Learning\DeepNeuralNetworkUSS-1\Projects\Supermarket\data\train\Fruit_Apple_Royal-Gala\Royal-Gala_016.jpg","apple","train"
"C:\USS\Repositorios Github\Deep Learning\DeepNeuralNetworkUSS-1\Projects\Supermarket\data\train\Fruit_Apple_Royal-Gala\Royal-Gala_017.jpg","apple","train"
"C:\USS\Repositorios Github\Deep Learning\DeepNeuralNetworkUSS-1\Projects\Supermarket\data\train\Fruit_Apple_Royal-Gala\Royal-Gala_018.jpg","apple","train"
"C:\USS\Repositorios Github\Deep Learning\DeepNeuralNetworkUSS-1\Projects\Supermarket\data\train\Fruit_Apple_Royal-Gala\Royal-Gala_019.jpg","apple","train"
"C:\USS\Repositorios Github\Deep Learning\DeepNeuralNetworkUSS-1\Projects\Supermarket\data\train\Fruit_Apple_Royal-Gala\Royal-Gala_020.jpg","apple","train"
"C:\USS\Repositorios Github\Deep Learning\DeepNeuralNetworkUSS-1\Projects\Supermarket\data\train\Fruit_Apple_Royal-Gala\Royal-Gala_021.jpg","apple","train"
"C:\USS\Repositorios Github\Deep Learning\DeepNeuralNetworkUSS-1\Projects\Supermarket\data\train\Fruit_Apple_Royal-Gala\Royal-Gala_022.jpg","apple","train"
"C:\USS\Repositorios Github\Deep Learning\DeepNeuralNetworkUSS-1\Projects\Supermarket\data\train\Fruit_Apple_Royal-Gala\Royal-Gala_023.jpg","apple","train"
"C:\USS\Repositorios Github\Deep Learning\DeepNeuralNetworkUSS-1\Projects\Supermarket\data\train\Fruit_Apple_Royal-Gala\Royal-Gala_024.jpg","apple","train"
"C:\USS\Repositorios Github\Deep Learning\DeepNeuralNetworkUSS-1\Projects\Supermarket\data\train\Fruit_Apple_Royal-Gala\Royal-Gala_025.jpg","apple","train"
"C:\USS\Repositorios Github\Deep Learning\DeepNeuralNetworkUSS-1\Projects\Supermarket\data\train\Fruit_Apple_Royal-Gala\Royal-Gala_026.jpg","apple","train"
"C:\USS\Repositorios Github\Deep Learning\DeepNeuralNetworkUSS-1\Projects\Supermarket\data\train\Fruit_Apple_Royal-Gala\Royal-Gala_027.jpg","apple","train"
"C:\USS\Repositorios Github\Deep Learning\DeepNeuralNetworkUSS-1\Projects\Supermarket\data\train\Fruit_Apple_Royal-Gala\Royal-Gala_028.jpg","apple","train"
"C:\USS\Repositorios Github\Deep Learning\DeepNeuralNetworkUSS-1\Projects\Supermarket\data\train\Fruit_Apple_Royal-Gala\Royal-Gala_029.jpg","apple","train"
"C:\USS\Repositorios Github\Deep Learning\DeepNeuralNetworkUSS-1\Projects\Supermarket\data\train\Fruit_Apple_Royal-Gala\Royal-Gala_030.jpg","apple","train"
"C:\USS\Repositorios Github\Deep Learning\DeepNeuralNetworkUSS-1\Projects\Supermarket\data\train\Fruit_Apple_Royal-Gala\Royal-Gala_031.jpg","apple","train"
"C:\USS\Repositorios Github\Deep Learning\DeepNeuralNetworkUSS-1\Projects\Supermarket\data\train\Fruit_Apple_Royal-Gala\Royal-Gala_032.jpg","apple","train"
"C:\USS\Repositorios Github\Deep Learning\DeepNeuralNetworkUSS-1\Projects\Supermarket\data\train\Fruit_Apple_Royal-Gala\Royal-Gala_033.jpg","apple","train"
"C:\USS\Repositorios Github\Deep Learning\DeepNeuralNetworkUSS-1\Projects\Supermarket\data\train\Fruit_Apple_Royal-Gala\Royal-Gala_034.jpg","apple","train"
"C:\USS\Repositorios Github\Deep Learning\DeepNeuralNetworkUSS-1\Projects\Supermarket\data\train\Fruit_Apple_Royal-Gala\Royal-Gala_035.jpg","apple","train"
"C:\USS\Repositorios Github\Deep Learning\DeepNeuralNetworkUSS-1\Projects\Supermarket\data\train\Fruit_Apple_Royal-Gala\Royal-Gala_036.jpg","apple","train"
"C:\USS\Repositorios Github\Deep Learning\DeepNeuralNetworkUSS-1\Projects\Supermarket\data\train\Fruit_Apple_Royal-Gala\Royal-Gala_037.jpg","apple","train"
"C:\USS\Repositorios Github\Deep Learning\DeepNeuralNetworkUSS-1\Projects\Supermarket\data\train\Fruit_Apple_Royal-Gala\Royal-Gala_038.jpg","apple","train"
"C:\USS\Repositorios Github\Deep Learning\DeepNeuralNetworkUSS-1\Projects\Supermarket\data\train\Fruit_Apple_Royal-Gala\Royal-Gala_039.jpg","apple","train"
"C:\USS\Repositorios Github\Deep Learning\DeepNeuralNetworkUSS-1\Projects\Supermarket\data\train\Fruit_Apple_Royal-Gala\Royal-Gala_040.jpg","apple","train"
"C:\USS\Repositorios Github\Deep Learning\DeepNeuralNetworkUSS-1\Projects\Supermarket\data\train\Fruit_Apple_Royal-Gala\Royal-Gala_041.jpg","apple","train"
"C:\USS\Repositorios Github\Deep Learning\DeepNeuralNetworkUSS-1\Projects\Supermarket\data\train\Fruit_Apple_Royal-Gala\Royal-Gala_042.jpg","apple","train"
"C:\USS\Repositorios Github\Deep Learning\DeepNeuralNetworkUSS-1\Projects\Supermarket\data\train\Fruit_Apple_Royal-Gala\Royal-Gala_043.jpg","apple","train"
"C:\USS\Repositorios Github\Deep Learning\DeepNeuralNetworkUSS-1\Projects\Supermarket\data\train\Fruit_Apple_Royal-Gala\Royal-Gala_044.jpg","apple","train"
"C:\USS\Repositorios Github\Deep Learning\DeepNeuralNetworkUSS-1\Projects\Supermarket\data\train\Fruit_Apple_Royal-Gala\Royal-Gala_045.jpg","apple","train"
"C:\USS\Repositorios Github\Deep Learning\DeepNeuralNetworkUSS-1\Projects\Supermarket\data\train\Fruit_Apple_Royal-Gala\Royal-Gala_046.jpg","apple","train"
"C:\USS\Repositorios Github\Deep Learning\DeepNeuralNetworkUSS-1\Projects\Supermarket\data\train\Fruit_Apple_Royal-Gala\Royal-Gala_047.jpg","apple","train"
"C:\USS\Repositorios Github\Deep Learning\DeepNeuralNetworkUSS-1\Projects\Supermarket\data\train\Fruit_Apple_Royal-Gala\Royal-Gala_048.jpg","apple","train"
"C:\USS\Repositorios Github\Deep Learning\DeepNeuralNetworkUSS-1\Projects\Supermarket\data\train\Fruit_Apple_Royal-Gala\Royal-Gala_049.jpg","apple","train"
"C:\USS\Repositorios Github\Deep Learning\DeepNeuralNetworkUSS-1\Projects\Supermarket\data\train\Fruit_Apple_Royal-Gala\Royal-Gala_050.jpg","apple","train"
"C:\USS\Repositorios Github\Deep Learning\DeepNeuralNetworkUSS-1\Projects\Supermarket\data\train\Fruit_Apple_Royal-Gala\Royal-Gala_051.jpg","apple","train"
"C:\USS\Repositorios Github\Deep Learning\DeepNeuralNetworkUSS-1\Projects\Supermarket\data\train\Fruit_Apple_Royal-Gala\Royal-Gala_052.jpg","apple","train"
"C:\USS\Repositorios Github\Deep Learning\DeepNeuralNetworkUSS-1\Projects\Supermarket\data\train\Fruit_Apple_Royal-Gala\Royal-Gala_053.jpg","apple","train"
"C:\USS\Repositorios Github\Deep Learning\DeepNeuralNetworkUSS-1\Projects\Supermarket\data\train\Fruit_Apple_Royal-Gala\Royal-Gala_054.jpg","apple","train"
"C:\USS\Repositorios Github\Deep Learning\DeepNeuralNetworkUSS-1\Projects\Supermarket\data\train\Fruit_Apple_Royal-Gala\Royal-Gala_055.jpg","apple","train"
"C:\USS\Repositorios Github\Deep Learning\DeepNeuralNetworkUSS-1\Projects\Supermarket\data\train\Fruit_Apple_Royal-Gala\Royal-Gala_056.jpg","apple","train"
"C:\USS\Repositorios Github\Deep Learning\DeepNeuralNetworkUSS-1\Projects\Supermarket\data\train\Fruit_Apple_Royal-Gala\Royal-Gala_057.jpg","apple","train"
"C:\USS\Repositorios Github\Deep Learning\DeepNeuralNetworkUSS-1\Projects\Supermarket\data\train\Fruit_Apple_Royal-Gala\Royal-Gala_058.jpg","apple","train"
"C:\USS\Repositorios Github\Deep Learning\DeepNeuralNetworkUSS-1\Projects\Supermarket\data\train\Fruit_Apple_Royal-Gala\Royal-Gala_059.jpg","apple","train"
"C:\USS\Repositorios Github\Deep Learning\DeepNeuralNetworkUSS-1\Projects\Supermarket\data\train\Fruit_Apple_Royal-Gala\Royal-Gala_060.jpg","apple","train"
"C:\USS\Repositorios Github\Deep Learning\DeepNeuralNetworkUSS-1\Projects\Supermarket\data\train\Fruit_Apple_Royal-Gala\Royal-Gala_061.jpg","apple","train"
"C:\USS\Repositorios Github\Deep Learning\DeepNeuralNetworkUSS-1\Projects\Supermarket\data\train\Fruit_Apple_Royal-Gala\Royal-Gala_062.jpg","apple","train"
"C:\USS\Repositorios Github\Deep Learning\DeepNeuralNetworkUSS-1\Projects\Supermarket\data\train\Fruit_Apple_Royal-Gala\Royal-Gala_063.jpg","apple","train"
"C:\USS\Repositorios Github\Deep Learning\DeepNeuralNetworkUSS-1\Projects\Supermarket\data\train\Fruit_Apple_Royal-Gala\Royal-Gala_064.jpg","apple","train"
"C:\USS\Repositorios Github\Deep Learning\DeepNeuralNetworkUSS-1\Projects\Supermarket\data\train\Fruit_Apple_Royal-Gala\Royal-Gala_065.jpg","apple","train"
"C:\USS\Repositorios Github\Deep Learning\DeepNeuralNetworkUSS-1\Projects\Supermarket\data\train\Fruit_Melon_Cantaloupe\Cantaloupe_001.jpg","not_apple","train"
"C:\USS\Repositorios Github\Deep Learning\DeepNeuralNetworkUSS-1\Projects\Supermarket\data\train\Fruit_Melon_Cantaloupe\Cantaloupe_002.jpg","not_apple","train"
"C:\USS\Repositorios Github\Deep Learning\DeepNeuralNetworkUSS-1\Projects\Supermarket\data\train\Fruit_Melon_Cantaloupe\Cantaloupe_003.jpg","not_apple","train"
"C:\USS\Repositorios Github\Deep Learning\DeepNeuralNetworkUSS-1\Projects\Supermarket\data\train\Fruit_Melon_Cantaloupe\Cantaloupe_004.jpg","not_apple","train"
"C:\USS\Repositorios Github\Deep Learning\DeepNeuralNetworkUSS-1\Projects\Supermarket\data\train\Fruit_Melon_Cantaloupe\Cantaloupe_005.jpg","not_apple","train"
"C:\USS\Repositorios Github\Deep Learning\DeepNeuralNetworkUSS-1\Projects\Supermarket\data\train\Fruit_Melon_Cantaloupe\Cantaloupe_006.jpg","not_apple","train"
"C:\USS\Repositorios Github\Deep Learning\DeepNeuralNetworkUSS-1\Projects\Supermarket\data\train\Fruit_Melon_Cantaloupe\Cantaloupe_007.jpg","not_apple","train"
"C:\USS\Repositorios Github\Deep Learning\DeepNeuralNetworkUSS-1\Projects\Supermarket\data\train\Fruit_Melon_Cantaloupe\Cantaloupe_008.jpg","not_apple","train"
"C:\USS\Repositorios Github\Deep Learning\DeepNeuralNetworkUSS-1\Projects\Supermarket\data\train\Fruit_Melon_Cantaloupe\Cantaloupe_009.jpg","not_apple","train"
"C:\USS\Repositorios Github\Deep Learning\DeepNeuralNetworkUSS-1\Projects\Supermarket\data\train\Fruit_Melon_Cantaloupe\Cantaloupe_010.jpg","not_apple","train"
"C:\USS\Repositorios Github\Deep Learning\DeepNeuralNetworkUSS-1\Projects\Supermarket\data\train\Fruit_Melon_Cantaloupe\Cantaloupe_011.jpg","not_apple","train"
"C:\USS\Repositorios Github\Deep Learning\DeepNeuralNetworkUSS-1\Projects\Supermarket\data\train\Fruit_Melon_Cantaloupe\Cantaloupe_012.jpg","not_apple","train"
"C:\USS\Repositorios Github\Deep Learning\DeepNeuralNetworkUSS-1\Projects\Supermarket\data\train\Fruit_Melon_Cantaloupe\Cantaloupe_013.jpg","not_apple","train"
"C:\USS\Repositorios Github\Deep Learning\DeepNeuralNetworkUSS-1\Projects\Supermarket\data\train\Fruit_Melon_Cantaloupe\Cantaloupe_014.jpg","not_apple","train"
"C:\USS\Repositorios Github\Deep Learning\DeepNeuralNetworkUSS-1\Projects\Supermarket\data\train\Fruit_Melon_Cantaloupe\Cantaloupe_015.jpg","not_apple","train"
"C:\USS\Repositorios Github\Deep Learning\DeepNeuralNetworkUSS-1\Projects\Supermarket\data\train\Fruit_Melon_Cantaloupe\Cantaloupe_016.jpg","not_apple","train"
"C:\USS\Repositorios Github\Deep Learning\DeepNeuralNetworkUSS-1\Projects\Supermarket\data\train\Fruit_Melon_Cantaloupe\Cantaloupe_017.jpg","not_apple","train"
"C:\USS\Repositorios Github\Deep Learning\DeepNeuralNetworkUSS-1\Projects\Supermarket\data\train\Fruit_Melon_Cantaloupe\Cantaloupe_018.jpg","not_apple","train"
"C:\USS\Repositorios Github\Deep Learning\DeepNeuralNetworkUSS-1\Projects\Supermarket\data\train\Fruit_Melon_Cantaloupe\Cantaloupe_019.jpg","not_apple","train"
"C:\USS\Repositorios Github\Deep Learning\DeepNeuralNetworkUSS-1\Projects\Supermarket\data\train\Fruit_Melon_Cantaloupe\Cantaloupe_020.jpg","not_apple","train"
"C:\USS\Repositorios Github\Deep Learning\DeepNeuralNetworkUSS-1\Projects\Supermarket\data\train\Fruit_Melon_Cantaloupe\Cantaloupe_021.jpg","not_apple","train"
"C:\USS\Repositorios Github\Deep Learning\DeepNeuralNetworkUSS-1\Projects\Supermarket\data\train\Fruit_Melon_Cantaloupe\Cantaloupe_022.jpg","not_apple","train"
"C:\USS\Repositorios Github\Deep Learning\DeepNeuralNetworkUSS-1\Projects\Supermarket\data\train\Fruit_Melon_Cantaloupe\Cantaloupe_023.jpg","not_apple","train"
"C:\USS\Repositorios Github\Deep Learning\DeepNeuralNetworkUSS-1\Projects\Supermarket\data\train\Fruit_Melon_Cantaloupe\Cantaloupe_024.jpg","not_apple","train"
"C:\USS\Repositorios Github\Deep Learning\DeepNeuralNetworkUSS-1\Projects\Supermarket\data\train\Fruit_Melon_Cantaloupe\Cantaloupe_025.jpg","not_apple","train"
"C:\USS\Repositorios Github\Deep Learning\DeepNeuralNetworkUSS-1\Projects\Supermarket\data\train\Fruit_Melon_Cantaloupe\Cantaloupe_026.jpg","not_apple","train"
"C:\USS\Repositorios Github\Deep Learning\DeepNeuralNetworkUSS-1\Projects\Supermarket\data\train\Fruit_Melon_Cantaloupe\Cantaloupe_027.jpg","not_apple","train"
"C:\USS\Repositorios Github\Deep Learning\DeepNeuralNetworkUSS-1\Projects\Supermarket\data\train\Fruit_Melon_Cantaloupe\Cantaloupe_028.jpg","not_apple","train"
"C:\USS\Repositorios Github\Deep Learning\DeepNeuralNetworkUSS-1\Projects\Supermarket\data\train\Fruit_Melon_Cantaloupe\Cantaloupe_029.jpg","not_apple","train"
"C:\USS\Repositorios Github\Deep Learning\DeepNeuralNetworkUSS-1\Projects\Supermarket\data\train\Fruit_Melon_Cantaloupe\Cantaloupe_030.jpg","not_apple","train"
"C:\USS\Repositorios Github\Deep Learning\DeepNeuralNetworkUSS-1\Projects\Supermarket\data\train\Fruit_Melon_Cantaloupe\Cantaloupe_031.jpg","not_apple","train"
"C:\USS\Repositorios Github\Deep Learning\DeepNeuralNetworkUSS-1\Projects\Supermarket\data\train\Fruit_Melon_Cantaloupe\Cantaloupe_032.jpg","not_apple","train"
"C:\USS\Repositorios Github\Deep Learning\DeepNeuralNetworkUSS-1\Projects\Supermarket\data\train\Fruit_Melon_Cantaloupe\Cantaloupe_033.jpg","not_apple","train"
"C:\USS\Repositorios Github\Deep Learning\DeepNeuralNetworkUSS-1\Projects\Supermarket\data\train\Fruit_Melon_Cantaloupe\Cantaloupe_034.jpg","not_apple","train"
"C:\USS\Repositorios Github\Deep Learning\DeepNeuralNetworkUSS-1\Projects\Supermarket\data\train\Fruit_Melon_Cantaloupe\Cantaloupe_035.jpg","not_apple","train"
"C:\USS\Repositorios Github\Deep Learning\DeepNeuralNetworkUSS-1\Projects\Supermarket\data\train\Fruit_Melon_Cantaloupe\Cantaloupe_036.jpg","not_apple","train"
"C:\USS\Repositorios Github\Deep Learning\DeepNeuralNetworkUSS-1\Projects\Supermarket\data\train\Fruit_Melon_Cantaloupe\Cantaloupe_037.jpg","not_apple","train"
"C:\USS\Repositorios Github\Deep Learning\DeepNeuralNetworkUSS-1\Projects\Supermarket\data\train\Fruit_Melon_Cantaloupe\Cantaloupe_038.jpg","not_apple","train"
"C:\USS\Repositorios Github\Deep Learning\DeepNeuralNetworkUSS-1\Projects\Supermarket\data\train\Fruit_Melon_Cantaloupe\Cantaloupe_039.jpg","not_apple","train"
"C:\USS\Repositorios Github\Deep Learning\DeepNeuralNetworkUSS-1\Projects\Supermarket\data\train\Fruit_Melon_Galia-Melon\Galia-Melon_001.jpg","not_apple","train"
"C:\USS\Repositorios Github\Deep Learning\DeepNeuralNetworkUSS-1\Projects\Supermarket\data\train\Fruit_Melon_Galia-Melon\Galia-Melon_002.jpg","not_apple","train"
"C:\USS\Repositorios Github\Deep Learning\DeepNeuralNetworkUSS-1\Projects\Supermarket\data\train\Fruit_Melon_Galia-Melon\Galia-Melon_003.jpg","not_apple","train"
"C:\USS\Repositorios Github\Deep Learning\DeepNeuralNetworkUSS-1\Projects\Supermarket\data\train\Fruit_Melon_Galia-Melon\Galia-Melon_004.jpg","not_apple","train"
"C:\USS\Repositorios Github\Deep Learning\DeepNeuralNetworkUSS-1\Projects\Supermarket\data\train\Fruit_Melon_Galia-Melon\Galia-Melon_005.jpg","not_apple","train"
"C:\USS\Repositorios Github\Deep Learning\DeepNeuralNetworkUSS-1\Projects\Supermarket\data\train\Fruit_Melon_Galia-Melon\Galia-Melon_006.jpg","not_apple","train"
"C:\USS\Repositorios Github\Deep Learning\DeepNeuralNetworkUSS-1\Projects\Supermarket\data\train\Fruit_Melon_Galia-Melon\Galia-Melon_007.jpg","not_apple","train"
"C:\USS\Repositorios Github\Deep Learning\DeepNeuralNetworkUSS-1\Projects\Supermarket\data\train\Fruit_Melon_Galia-Melon\Galia-Melon_008.jpg","not_apple","train"
"C:\USS\Repositorios Github\Deep Learning\DeepNeuralNetworkUSS-1\Projects\Supermarket\data\train\Fruit_Melon_Galia-Melon\Galia-Melon_009.jpg","not_apple","train"
"C:\USS\Repositorios Github\Deep Learning\DeepNeuralNetworkUSS-1\Projects\Supermarket\data\train\Fruit_Melon_Galia-Melon\Galia-Melon_010.jpg","not_apple","train"
"C:\USS\Repositorios Github\Deep Learning\DeepNeuralNetworkUSS-1\Projects\Supermarket\data\train\Fruit_Melon_Galia-Melon\Galia-Melon_011.jpg","not_apple","train"
"C:\USS\Repositorios Github\Deep Learning\DeepNeuralNetworkUSS-1\Projects\Supermarket\data\train\Fruit_Melon_Galia-Melon\Galia-Melon_012.jpg","not_apple","train"
"C:\USS\Repositorios Github\Deep Learning\DeepNeuralNetworkUSS-1\Projects\Supermarket\data\train\Fruit_Melon_Galia-Melon\Galia-Melon_013.jpg","not_apple","train"
"C:\USS\Repositorios Github\Deep Learning\DeepNeuralNetworkUSS-1\Projects\Supermarket\data\train\Fruit_Melon_Galia-Melon\Galia-Melon_014.jpg","not_apple","train"
"C:\USS\Repositorios Github\Deep Learning\DeepNeuralNetworkUSS-1\Projects\Supermarket\data\train\Fruit_Melon_Galia-Melon\Galia-Melon_015.jpg","not_apple","train"
"C:\USS\Repositorios Github\Deep Learning\DeepNeuralNetworkUSS-1\Projects\Supermarket\data\train\Fruit_Melon_Galia-Melon\Galia-Melon_016.jpg","not_apple","train"
"C:\USS\Repositorios Github\Deep Learning\DeepNeuralNetworkUSS-1\Projects\Supermarket\data\train\Fruit_Melon_Galia-Melon\Galia-Melon_017.jpg","not_apple","train"
"C:\USS\Repositorios Github\Deep Learning\DeepNeuralNetworkUSS-1\Projects\Supermarket\data\train\Fruit_Melon_Galia-Melon\Galia-Melon_018.jpg","not_apple","train"
"C:\USS\Repositorios Github\Deep Learning\DeepNeuralNetworkUSS-1\Projects\Supermarket\data\train\Fruit_Melon_Galia-Melon\Galia-Melon_019.jpg","not_apple","train"
"C:\USS\Repositorios Github\Deep Learning\DeepNeuralNetworkUSS-1\Projects\Supermarket\data\train\Fruit_Melon_Galia-Melon\Galia-Melon_020.jpg","not_apple","train"
"C:\USS\Repositorios Github\Deep Learning\DeepNeuralNetworkUSS-1\Projects\Supermarket\data\train\Fruit_Melon_Galia-Melon\Galia-Melon_021.jpg","not_apple","train"
"C:\USS\Repositorios Github\Deep Learning\DeepNeuralNetworkUSS-1\Projects\Supermarket\data\train\Fruit_Melon_Galia-Melon\Galia-Melon_022.jpg","not_apple","train"
"C:\USS\Repositorios Github\Deep Learning\DeepNeuralNetworkUSS-1\Projects\Supermarket\data\train\Fruit_Melon_Galia-Melon\Galia-Melon_023.jpg","not_apple","train"
"C:\USS\Repositorios Github\Deep Learning\DeepNeuralNetworkUSS-1\Projects\Supermarket\data\train\Fruit_Melon_Galia-Melon\Galia-Melon_024.jpg","not_apple","train"
"C:\USS\Repositorios Github\Deep Learning\DeepNeuralNetworkUSS-1\Projects\Supermarket\data\train\Fruit_Melon_Galia-Melon\Galia-Melon_025.jpg","not_apple","train"
"C:\USS\Repositorios Github\Deep Learning\DeepNeuralNetworkUSS-1\Projects\Supermarket\data\train\Fruit_Melon_Galia-Melon\Galia-Melon_026.jpg","not_apple","train"
"C:\USS\Repositorios Github\Deep Learning\DeepNeuralNetworkUSS-1\Projects\Supermarket\data\train\Fruit_Melon_Galia-Melon\Galia-Melon_027.jpg","not_apple","train"
"C:\USS\Repositorios Github\Deep Learning\DeepNeuralNetworkUSS-1\Projects\Supermarket\data\train\Fruit_Melon_Galia-Melon\Galia-Melon_028.jpg","not_apple","train"
"C:\USS\Repositorios Github\Deep Learning\DeepNeuralNetworkUSS-1\Projects\Supermarket\data\train\Fruit_Melon_Galia-Melon\Galia-Melon_029.jpg","not_apple","train"
"C:\USS\Repositorios Github\Deep Learning\DeepNeuralNetworkUSS-1\Projects\Supermarket\data\train\Fruit_Melon_Galia-Melon\Galia-Melon_030.jpg","not_apple","train"
"C:\USS\Repositorios Github\Deep Learning\DeepNeuralNetworkUSS-1\Projects\Supermarket\data\train\Fruit_Melon_Galia-Melon\Galia-Melon_031.jpg","not_apple","train"
"C:\USS\Repositorios Github\Deep Learning\DeepNeuralNetworkUSS-1\Projects\Supermarket\data\train\Fruit_Melon_Galia-Melon\Galia-Melon_032.jpg","not_apple","train"
"C:\USS\Repositorios Github\Deep Learning\DeepNeuralNetworkUSS-1\Projects\Supermarket\data\train\Fruit_Melon_Galia-Melon\Galia-Melon_033.jpg","not_apple","train"
"C:\USS\Repositorios Github\Deep Learning\DeepNeuralNetworkUSS-1\Projects\Supermarket\data\train\Fruit_Melon_Honeydew-Melon\Honeydew-Melon_001.jpg","not_apple","train"
"C:\USS\Repositorios Github\Deep Learning\DeepNeuralNetworkUSS-1\Projects\Supermarket\data\train\Fruit_Melon_Honeydew-Melon\Honeydew-Melon_002.jpg","not_apple","train"
"C:\USS\Repositorios Github\Deep Learning\DeepNeuralNetworkUSS-1\Projects\Supermarket\data\train\Fruit_Melon_Honeydew-Melon\Honeydew-Melon_003.jpg","not_apple","train"
"C:\USS\Repositorios Github\Deep Learning\DeepNeuralNetworkUSS-1\Projects\Supermarket\data\train\Fruit_Melon_Honeydew-Melon\Honeydew-Melon_004.jpg","not_apple","train"
"C:\USS\Repositorios Github\Deep Learning\DeepNeuralNetworkUSS-1\Projects\Supermarket\data\train\Fruit_Melon_Honeydew-Melon\Honeydew-Melon_005.jpg","not_apple","train"
"C:\USS\Repositorios Github\Deep Learning\DeepNeuralNetworkUSS-1\Projects\Supermarket\data\train\Fruit_Melon_Honeydew-Melon\Honeydew-Melon_006.jpg","not_apple","train"
"C:\USS\Repositorios Github\Deep Learning\DeepNeuralNetworkUSS-1\Projects\Supermarket\data\train\Fruit_Melon_Honeydew-Melon\Honeydew-Melon_007.jpg","not_apple","train"
"C:\USS\Repositorios Github\Deep Learning\DeepNeuralNetworkUSS-1\Projects\Supermarket\data\train\Fruit_Melon_Honeydew-Melon\Honeydew-Melon_008.jpg","not_apple","train"
"C:\USS\Repositorios Github\Deep Learning\DeepNeuralNetworkUSS-1\Projects\Supermarket\data\train\Fruit_Melon_Honeydew-Melon\Honeydew-Melon_009.jpg","not_apple","train"
"C:\USS\Repositorios Github\Deep Learning\DeepNeuralNetworkUSS-1\Projects\Supermarket\data\train\Fruit_Melon_Honeydew-Melon\Honeydew-Melon_010.jpg","not_apple","train"
"C:\USS\Repositorios Github\Deep Learning\DeepNeuralNetworkUSS-1\Projects\Supermarket\data\train\Fruit_Melon_Honeydew-Melon\Honeydew-Melon_011.jpg","not_apple","train"
"C:\USS\Repositorios Github\Deep Learning\DeepNeuralNetworkUSS-1\Projects\Supermarket\data\train\Fruit_Melon_Honeydew-Melon\Honeydew-Melon_012.jpg","not_apple","train"
"C:\USS\Repositorios Github\Deep Learning\DeepNeuralNetworkUSS-1\Projects\Supermarket\data\train\Fruit_Melon_Honeydew-Melon\Honeydew-Melon_013.jpg","not_apple","train"
"C:\USS\Repositorios Github\Deep Learning\DeepNeuralNetworkUSS-1\Projects\Supermarket\data\train\Fruit_Melon_Honeydew-Melon\Honeydew-Melon_014.jpg","not_apple","train"
"C:\USS\Repositorios Github\Deep Learning\DeepNeuralNetworkUSS-1\Projects\Supermarket\data\train\Fruit_Melon_Honeydew-Melon\Honeydew-Melon_015.jpg","not_apple","train"
"C:\USS\Repositorios Github\Deep Learning\DeepNeuralNetworkUSS-1\Projects\Supermarket\data\train\Fruit_Melon_Honeydew-Melon\Honeydew-Melon_016.jpg","not_apple","train"
"C:\USS\Repositorios Github\Deep Learning\DeepNeuralNetworkUSS-1\Projects\Supermarket\data\train\Fruit_Melon_Honeydew-Melon\Honeydew-Melon_017.jpg","not_apple","train"
"C:\USS\Repositorios Github\Deep Learning\DeepNeuralNetworkUSS-1\Projects\Supermarket\data\train\Fruit_Melon_Honeydew-Melon\Honeydew-Melon_018.jpg","not_apple","train"
"C:\USS\Repositorios Github\Deep Learning\DeepNeuralNetworkUSS-1\Projects\Supermarket\data\train\Fruit_Melon_Honeydew-Melon\Honeydew-Melon_019.jpg","not_apple","train"
"C:\USS\Repositorios Github\Deep Learning\DeepNeuralNetworkUSS-1\Projects\Supermarket\data\train\Fruit_Melon_Honeydew-Melon\Honeydew-Melon_020.jpg","not_apple","train"
"C:\USS\Repositorios Github\Deep Learning\DeepNeuralNetworkUSS-1\Projects\Supermarket\data\train\Fruit_Melon_Honeydew-Melon\Honeydew-Melon_021.jpg","not_apple","train"
"C:\USS\Repositorios Github\Deep Learning\DeepNeuralNetworkUSS-1\Projects\Supermarket\data\train\Fruit_Melon_Honeydew-Melon\Honeydew-Melon_022.jpg","not_apple","train"
"C:\USS\Repositorios Github\Deep Learning\DeepNeuralNetworkUSS-1\Projects\Supermarket\data\train\Fruit_Melon_Honeydew-Melon\Honeydew-Melon_023.jpg","not_apple","train"
"C:\USS\Repositorios Github\Deep Learning\DeepNeuralNetworkUSS-1\Projects\Supermarket\data\train\Fruit_Melon_Honeydew-Melon\Honeydew-Melon_024.jpg","not_apple","train"
"C:\USS\Repositorios Github\Deep Learning\DeepNeuralNetworkUSS-1\Projects\Supermarket\data\train\Fruit_Melon_Honeydew-Melon\Honeydew-Melon_025.jpg","not_apple","train"
"C:\USS\Repositorios Github\Deep Learning\DeepNeuralNetworkUSS-1\Projects\Supermarket\data\train\Fruit_Melon_Honeydew-Melon\Honeydew-Melon_026.jpg","not_apple","train"
"C:\USS\Repositorios Github\Deep Learning\DeepNeuralNetworkUSS-1\Projects\Supermarket\data\train\Fruit_Melon_Honeydew-Melon\Honeydew-Melon_027.jpg","not_apple","train"
"C:\USS\Repositorios Github\Deep Learning\DeepNeuralNetworkUSS-1\Projects\Supermarket\data\train\Fruit_Melon_Honeydew-Melon\Honeydew-Melon_028.jpg","not_apple","train"
"C:\USS\Repositorios Github\Deep Learning\DeepNeuralNetworkUSS-1\Projects\Supermarket\data\train\Fruit_Melon_Honeydew-Melon\Honeydew-Melon_029.jpg","not_apple","train"
"C:\USS\Repositorios Github\Deep Learning\DeepNeuralNetworkUSS-1\Projects\Supermarket\data\train\Fruit_Melon_Honeydew-Melon\Honeydew-Melon_030.jpg","not_apple","train"
"C:\USS\Repositorios Github\Deep Learning\DeepNeuralNetworkUSS-1\Projects\Supermarket\data\train\Fruit_Melon_Honeydew-Melon\Honeydew-Melon_031.jpg","not_apple","train"
"C:\USS\Repositorios Github\Deep Learning\DeepNeuralNetworkUSS-1\Projects\Supermarket\data\train\Fruit_Melon_Honeydew-Melon\Honeydew-Melon_032.jpg","not_apple","train"
"C:\USS\Repositorios Github\Deep Learning\DeepNeuralNetworkUSS-1\Projects\Supermarket\data\train\Fruit_Melon_Honeydew-Melon\Honeydew-Melon_033.jpg","not_apple","train"
"C:\USS\Repositorios Github\Deep Learning\DeepNeuralNetworkUSS-1\Projects\Supermarket\data\train\Fruit_Melon_Honeydew-Melon\Honeydew-Melon_034.jpg","not_apple","train"
"C:\USS\Repositorios Github\Deep Learning\DeepNeuralNetworkUSS-1\Projects\Supermarket\data\train\Fruit_Melon_Honeydew-Melon\Honeydew-Melon_035.jpg","not_apple","train"
"C:\USS\Repositorios Github\Deep Learning\DeepNeuralNetworkUSS-1\Projects\Supermarket\data\train\Fruit_Melon_Honeydew-Melon\Honeydew-Melon_036.jpg","not_apple","train"
"C:\USS\Repositorios Github\Deep Learning\DeepNeuralNetworkUSS-1\Projects\Supermarket\data\train\Fruit_Melon_Watermelon\Watermelon_001.jpg","not_apple","train"
"C:\USS\Repositorios Github\Deep Learning\DeepNeuralNetworkUSS-1\Projects\Supermarket\data\train\Fruit_Melon_Watermelon\Watermelon_002.jpg","not_apple","train"
"C:\USS\Repositorios Github\Deep Learning\DeepNeuralNetworkUSS-1\Projects\Supermarket\data\train\Fruit_Melon_Watermelon\Watermelon_003.jpg","not_apple","train"
"C:\USS\Repositorios Github\Deep Learning\DeepNeuralNetworkUSS-1\Projects\Supermarket\data\train\Fruit_Melon_Watermelon\Watermelon_004.jpg","not_apple","train"
"C:\USS\Repositorios Github\Deep Learning\DeepNeuralNetworkUSS-1\Projects\Supermarket\data\train\Fruit_Melon_Watermelon\Watermelon_005.jpg","not_apple","train"
"C:\USS\Repositorios Github\Deep Learning\DeepNeuralNetworkUSS-1\Projects\Supermarket\data\train\Fruit_Melon_Watermelon\Watermelon_006.jpg","not_apple","train"
"C:\USS\Repositorios Github\Deep Learning\DeepNeuralNetworkUSS-1\Projects\Supermarket\data\train\Fruit_Melon_Watermelon\Watermelon_007.jpg","not_apple","train"
"C:\USS\Repositorios Github\Deep Learning\DeepNeuralNetworkUSS-1\Projects\Supermarket\data\train\Fruit_Melon_Watermelon\Watermelon_008.jpg","not_apple","train"
"C:\USS\Repositorios Github\Deep Learning\DeepNeuralNetworkUSS-1\Projects\Supermarket\data\train\Fruit_Melon_Watermelon\Watermelon_009.jpg","not_apple","train"
"C:\USS\Repositorios Github\Deep Learning\DeepNeuralNetworkUSS-1\Projects\Supermarket\data\train\Fruit_Melon_Watermelon\Watermelon_010.jpg","not_apple","train"
"C:\USS\Repositorios Github\Deep Learning\DeepNeuralNetworkUSS-1\Projects\Supermarket\data\train\Fruit_Melon_Watermelon\Watermelon_011.jpg","not_apple","train"
"C:\USS\Repositorios Github\Deep Learning\DeepNeuralNetworkUSS-1\Projects\Supermarket\data\train\Fruit_Melon_Watermelon\Watermelon_012.jpg","not_apple","train"
"C:\USS\Repositorios Github\Deep Learning\DeepNeuralNetworkUSS-1\Projects\Supermarket\data\train\Fruit_Melon_Watermelon\Watermelon_013.jpg","not_apple","train"
"C:\USS\Repositorios Github\Deep Learning\DeepNeuralNetworkUSS-1\Projects\Supermarket\data\train\Fruit_Melon_Watermelon\Watermelon_014.jpg","not_apple","train"
"C:\USS\Repositorios Github\Deep Learning\DeepNeuralNetworkUSS-1\Projects\Supermarket\data\train\Fruit_Melon_Watermelon\Watermelon_015.jpg","not_apple","train"
"C:\USS\Repositorios Github\Deep Learning\DeepNeuralNetworkUSS-1\Projects\Supermarket\data\train\Fruit_Melon_Watermelon\Watermelon_016.jpg","not_apple","train"
"C:\USS\Repositorios Github\Deep Learning\DeepNeuralNetworkUSS-1\Projects\Supermarket\data\train\Fruit_Melon_Watermelon\Watermelon_017.jpg","not_apple","train"
"C:\USS\Repositorios Github\Deep Learning\DeepNeuralNetworkUSS-1\Projects\Supermarket\data\train\Fruit_Melon_Watermelon\Watermelon_018.jpg","not_apple","train"
"C:\USS\Repositorios Github\Deep Learning\DeepNeuralNetworkUSS-1\Projects\Supermarket\data\train\Fruit_Melon_Watermelon\Watermelon_019.jpg","not_apple","train"
"C:\USS\Repositorios Github\Deep Learning\DeepNeuralNetworkUSS-1\Projects\Supermarket\data\train\Fruit_Melon_Watermelon\Watermelon_020.jpg","not_apple","train"
"C:\USS\Repositorios Github\Deep Learning\DeepNeuralNetworkUSS-1\Projects\Supermarket\data\train\Fruit_Melon_Watermelon\Watermelon_021.jpg","not_apple","train"
"C:\USS\Repositorios Github\Deep Learning\DeepNeuralNetworkUSS-1\Projects\Supermarket\data\train\Fruit_Melon_Watermelon\Watermelon_022.jpg","not_apple","train"
"C:\USS\Repositorios Github\Deep Learning\DeepNeuralNetworkUSS-1\Projects\Supermarket\data\train\Fruit_Melon_Watermelon\Watermelon_023.jpg","not_apple","train"
"C:\USS\Repositorios Github\Deep Learning\DeepNeuralNetworkUSS-1\Projects\Supermarket\data\train\Fruit_Melon_Watermelon\Watermelon_024.jpg","not_apple","train"
"C:\USS\Repositorios Github\Deep Learning\DeepNeuralNetworkUSS-1\Projects\Supermarket\data\train\Fruit_Melon_Watermelon\Watermelon_025.jpg","not_apple","train"
"C:\USS\Repositorios Github\Deep Learning\DeepNeuralNetworkUSS-1\Projects\Supermarket\data\train\Fruit_Melon_Watermelon\Watermelon_026.jpg","not_apple","train"
"C:\USS\Repositorios Github\Deep Learning\DeepNeuralNetworkUSS-1\Projects\Supermarket\data\train\Fruit_Melon_Watermelon\Watermelon_027.jpg","not_apple","train"
"C:\USS\Repositorios Github\Deep Learning\DeepNeuralNetworkUSS-1\Projects\Supermarket\data\train\Fruit_Melon_Watermelon\Watermelon_028.jpg","not_apple","train"
"C:\USS\Repositorios Github\Deep Learning\DeepNeuralNetworkUSS-1\Projects\Supermarket\data\train\Fruit_Melon_Watermelon\Watermelon_029.jpg","not_apple","train"
"C:\USS\Repositorios Github\Deep Learning\DeepNeuralNetworkUSS-1\Projects\Supermarket\data\train\Fruit_Melon_Watermelon\Watermelon_030.jpg","not_apple","train"
"C:\USS\Repositorios Github\Deep Learning\DeepNeuralNetworkUSS-1\Projects\Supermarket\data\train\Fruit_Melon_Watermelon\Watermelon_031.jpg","not_apple","train"
"C:\USS\Repositorios Github\Deep Learning\DeepNeuralNetworkUSS-1\Projects\Supermarket\data\train\Fruit_Melon_Watermelon\Watermelon_032.jpg","not_apple","train"
"C:\USS\Repositorios Github\Deep Learning\DeepNeuralNetworkUSS-1\Projects\Supermarket\data\train\Fruit_Melon_Watermelon\Watermelon_033.jpg","not_apple","train"
"C:\USS\Repositorios Github\Deep Learning\DeepNeuralNetworkUSS-1\Projects\Supermarket\data\train\Fruit_Melon_Watermelon\Watermelon_034.jpg","not_apple","train"
"C:\USS\Repositorios Github\Deep Learning\DeepNeuralNetworkUSS-1\Projects\Supermarket\data\train\Fruit_Melon_Watermelon\Watermelon_035.jpg","not_apple","train"
"C:\USS\Repositorios Github\Deep Learning\DeepNeuralNetworkUSS-1\Projects\Supermarket\data\train\Fruit_Melon_Watermelon\Watermelon_036.jpg","not_apple","train"
"C:\USS\Repositorios Github\Deep Learning\DeepNeuralNetworkUSS-1\Projects\Supermarket\data\train\Fruit_Melon_Watermelon\Watermelon_037.jpg","not_apple","train"
"C:\USS\Repositorios Github\Deep Learning\DeepNeuralNetworkUSS-1\Projects\Supermarket\data\train\Fruit_Melon_Watermelon\Watermelon_038.jpg","not_apple","train"
"C:\USS\Repositorios Github\Deep Learning\DeepNeuralNetworkUSS-1\Projects\Supermarket\data\train\Fruit_Melon_Watermelon\Watermelon_039.jpg","not_apple","train"
"C:\USS\Repositorios Github\Deep Learning\DeepNeuralNetworkUSS-1\Projects\Supermarket\data\train\Fruit_Melon_Watermelon\Watermelon_040.jpg","not_apple","train"
"C:\USS\Repositorios Github\Deep Learning\DeepNeuralNetworkUSS-1\Projects\Supermarket\data\train\Fruit_Melon_Watermelon\Watermelon_041.jpg","not_apple","train"
"C:\USS\Repositorios Github\Deep Learning\DeepNeuralNetworkUSS-1\Projects\Supermarket\data\train\Fruit_Melon_Watermelon\Watermelon_042.jpg","not_apple","train"
"C:\USS\Repositorios Github\Deep Learning\DeepNeuralNetworkUSS-1\Projects\Supermarket\data\train\Fruit_Melon_Watermelon\Watermelon_043.jpg","not_apple","train"
"C:\USS\Repositorios Github\Deep Learning\DeepNeuralNetworkUSS-1\Projects\Supermarket\data\train\Fruit_Melon_Watermelon\Watermelon_044.jpg","not_apple","train"
"C:\USS\Repositorios Github\Deep Learning\DeepNeuralNetworkUSS-1\Projects\Supermarket\data\train\Fruit_Melon_Watermelon\Watermelon_045.jpg","not_apple","train"
"C:\USS\Repositorios Github\Deep Learning\DeepNeuralNetworkUSS-1\Projects\Supermarket\data\train\Fruit_Melon_Watermelon\Watermelon_046.jpg","not_apple","train"
"C:\USS\Repositorios Github\Deep Learning\DeepNeuralNetworkUSS-1\Projects\Supermarket\data\train\Fruit_Pear_Anjou\Anjou_001.jpg","not_apple","train"
"C:\USS\Repositorios Github\Deep Learning\DeepNeuralNetworkUSS-1\Projects\Supermarket\data\train\Fruit_Pear_Anjou\Anjou_002.jpg","not_apple","train"
"C:\USS\Repositorios Github\Deep Learning\DeepNeuralNetworkUSS-1\Projects\Supermarket\data\train\Fruit_Pear_Anjou\Anjou_003.jpg","not_apple","train"
"C:\USS\Repositorios Github\Deep Learning\DeepNeuralNetworkUSS-1\Projects\Supermarket\data\train\Fruit_Pear_Anjou\Anjou_004.jpg","not_apple","train"
"C:\USS\Repositorios Github\Deep Learning\DeepNeuralNetworkUSS-1\Projects\Supermarket\data\train\Fruit_Pear_Anjou\Anjou_005.jpg","not_apple","train"
"C:\USS\Repositorios Github\Deep Learning\DeepNeuralNetworkUSS-1\Projects\Supermarket\data\train\Fruit_Pear_Anjou\Anjou_006.jpg","not_apple","train"
"C:\USS\Repositorios Github\Deep Learning\DeepNeuralNetworkUSS-1\Projects\Supermarket\data\train\Fruit_Pear_Anjou\Anjou_007.jpg","not_apple","train"
"C:\USS\Repositorios Github\Deep Learning\DeepNeuralNetworkUSS-1\Projects\Supermarket\data\train\Fruit_Pear_Anjou\Anjou_010.jpg","not_apple","train"
"C:\USS\Repositorios Github\Deep Learning\DeepNeuralNetworkUSS-1\Projects\Supermarket\data\train\Fruit_Pear_Anjou\Anjou_011.jpg","not_apple","train"
"C:\USS\Repositorios Github\Deep Learning\DeepNeuralNetworkUSS-1\Projects\Supermarket\data\train\Fruit_Pear_Anjou\Anjou_012.jpg","not_apple","train"
"C:\USS\Repositorios Github\Deep Learning\DeepNeuralNetworkUSS-1\Projects\Supermarket\data\train\Fruit_Pear_Anjou\Anjou_013.jpg","not_apple","train"
"C:\USS\Repositorios Github\Deep Learning\DeepNeuralNetworkUSS-1\Projects\Supermarket\data\train\Fruit_Pear_Anjou\Anjou_014.jpg","not_apple","train"
"C:\USS\Repositorios Github\Deep Learning\DeepNeuralNetworkUSS-1\Projects\Supermarket\data\train\Fruit_Pear_Anjou\Anjou_015.jpg","not_apple","train"
"C:\USS\Repositorios Github\Deep Learning\DeepNeuralNetworkUSS-1\Projects\Supermarket\data\train\Fruit_Pear_Anjou\Anjou_016.jpg","not_apple","train"
"C:\USS\Repositorios Github\Deep Learning\DeepNeuralNetworkUSS-1\Projects\Supermarket\data\train\Fruit_Pear_Anjou\Anjou_017.jpg","not_apple","train"
"C:\USS\Repositorios Github\Deep Learning\DeepNeuralNetworkUSS-1\Projects\Supermarket\data\train\Fruit_Pear_Anjou\Anjou_018.jpg","not_apple","train"
"C:\USS\Repositorios Github\Deep Learning\DeepNeuralNetworkUSS-1\Projects\Supermarket\data\train\Fruit_Pear_Anjou\Anjou_019.jpg","not_apple","train"
"C:\USS\Repositorios Github\Deep Learning\DeepNeuralNetworkUSS-1\Projects\Supermarket\data\train\Fruit_Pear_Anjou\Anjou_024.jpg","not_apple","train"
"C:\USS\Repositorios Github\Deep Learning\DeepNeuralNetworkUSS-1\Projects\Supermarket\data\train\Fruit_Pear_Anjou\Anjou_025.jpg","not_apple","train"
"C:\USS\Repositorios Github\Deep Learning\DeepNeuralNetworkUSS-1\Projects\Supermarket\data\train\Fruit_Pear_Anjou\Anjou_026.jpg","not_apple","train"
"C:\USS\Repositorios Github\Deep Learning\DeepNeuralNetworkUSS-1\Projects\Supermarket\data\train\Fruit_Pear_Anjou\Anjou_027.jpg","not_apple","train"
"C:\USS\Repositorios Github\Deep Learning\DeepNeuralNetworkUSS-1\Projects\Supermarket\data\train\Fruit_Pear_Anjou\Anjou_028.jpg","not_apple","train"
"C:\USS\Repositorios Github\Deep Learning\DeepNeuralNetworkUSS-1\Projects\Supermarket\data\train\Fruit_Pear_Anjou\Anjou_029.jpg","not_apple","train"
"C:\USS\Repositorios Github\Deep Learning\DeepNeuralNetworkUSS-1\Projects\Supermarket\data\train\Fruit_Pear_Anjou\Anjou_030.jpg","not_apple","train"
"C:\USS\Repositorios Github\Deep Learning\DeepNeuralNetworkUSS-1\Projects\Supermarket\data\train\Fruit_Pear_Anjou\Anjou_031.jpg","not_apple","train"
"C:\USS\Repositorios Github\Deep Learning\DeepNeuralNetworkUSS-1\Projects\Supermarket\data\train\Fruit_Pear_Anjou\Anjou_032.jpg","not_apple","train"
"C:\USS\Repositorios Github\Deep Learning\DeepNeuralNetworkUSS-1\Projects\Supermarket\data\train\Fruit_Pear_Anjou\Anjou_033.jpg","not_apple","train"
"C:\USS\Repositorios Github\Deep Learning\DeepNeuralNetworkUSS-1\Projects\Supermarket\data\train\Fruit_Pear_Anjou\Anjou_038.jpg","not_apple","train"
"C:\USS\Repositorios Github\Deep Learning\DeepNeuralNetworkUSS-1\Projects\Supermarket\data\train\Fruit_Pear_Anjou\Anjou_039.jpg","not_apple","train"
"C:\USS\Repositorios Github\Deep Learning\DeepNeuralNetworkUSS-1\Projects\Supermarket\data\train\Fruit_Pear_Anjou\Anjou_040.jpg","not_apple","train"
"C:\USS\Repositorios Github\Deep Learning\DeepNeuralNetworkUSS-1\Projects\Supermarket\data\train\Fruit_Pear_Anjou\Anjou_041.jpg","not_apple","train"
"C:\USS\Repositorios Github\Deep Learning\DeepNeuralNetworkUSS-1\Projects\Supermarket\data\train\Fruit_Pear_Conference\Conference_001.jpg","not_apple","train"
"C:\USS\Repositorios Github\Deep Learning\DeepNeuralNetworkUSS-1\Projects\Supermarket\data\train\Fruit_Pear_Conference\Conference_002.jpg","not_apple","train"
"C:\USS\Repositorios Github\Deep Learning\DeepNeuralNetworkUSS-1\Projects\Supermarket\data\train\Fruit_Pear_Conference\Conference_004.jpg","not_apple","train"
"C:\USS\Repositorios Github\Deep Learning\DeepNeuralNetworkUSS-1\Projects\Supermarket\data\train\Fruit_Pear_Conference\Conference_005.jpg","not_apple","train"
"C:\USS\Repositorios Github\Deep Learning\DeepNeuralNetworkUSS-1\Projects\Supermarket\data\train\Fruit_Pear_Conference\Conference_006.jpg","not_apple","train"
"C:\USS\Repositorios Github\Deep Learning\DeepNeuralNetworkUSS-1\Projects\Supermarket\data\train\Fruit_Pear_Conference\Conference_007.jpg","not_apple","train"
"C:\USS\Repositorios Github\Deep Learning\DeepNeuralNetworkUSS-1\Projects\Supermarket\data\train\Fruit_Pear_Conference\Conference_008.jpg","not_apple","train"
"C:\USS\Repositorios Github\Deep Learning\DeepNeuralNetworkUSS-1\Projects\Supermarket\data\train\Fruit_Pear_Conference\Conference_009.jpg","not_apple","train"
"C:\USS\Repositorios Github\Deep Learning\DeepNeuralNetworkUSS-1\Projects\Supermarket\data\train\Fruit_Pear_Conference\Conference_010.jpg","not_apple","train"
"C:\USS\Repositorios Github\Deep Learning\DeepNeuralNetworkUSS-1\Projects\Supermarket\data\train\Fruit_Pear_Conference\Conference_011.jpg","not_apple","train"
"C:\USS\Repositorios Github\Deep Learning\DeepNeuralNetworkUSS-1\Projects\Supermarket\data\train\Fruit_Pear_Conference\Conference_012.jpg","not_apple","train"
"C:\USS\Repositorios Github\Deep Learning\DeepNeuralNetworkUSS-1\Projects\Supermarket\data\train\Fruit_Pear_Conference\Conference_013.jpg","not_apple","train"
"C:\USS\Repositorios Github\Deep Learning\DeepNeuralNetworkUSS-1\Projects\Supermarket\data\train\Fruit_Pear_Conference\Conference_014.jpg","not_apple","train"
"C:\USS\Repositorios Github\Deep Learning\DeepNeuralNetworkUSS-1\Projects\Supermarket\data\train\Fruit_Pear_Conference\Conference_015.jpg","not_apple","train"
"C:\USS\Repositorios Github\Deep Learning\DeepNeuralNetworkUSS-1\Projects\Supermarket\data\train\Fruit_Pear_Conference\Conference_016.jpg","not_apple","train"
"C:\USS\Repositorios Github\Deep Learning\DeepNeuralNetworkUSS-1\Projects\Supermarket\data\train\Fruit_Pear_Conference\Conference_017.jpg","not_apple","train"
"C:\USS\Repositorios Github\Deep Learning\DeepNeuralNetworkUSS-1\Projects\Supermarket\data\train\Fruit_Pear_Conference\Conference_018.jpg","not_apple","train"
"C:\USS\Repositorios Github\Deep Learning\DeepNeuralNetworkUSS-1\Projects\Supermarket\data\train\Fruit_Pear_Conference\Conference_019.jpg","not_apple","train"
"C:\USS\Repositorios Github\Deep Learning\DeepNeuralNetworkUSS-1\Projects\Supermarket\data\train\Fruit_Pear_Conference\Conference_020.jpg","not_apple","train"
"C:\USS\Repositorios Github\Deep Learning\DeepNeuralNetworkUSS-1\Projects\Supermarket\data\train\Fruit_Pear_Conference\Conference_021.jpg","not_apple","train"
"C:\USS\Repositorios Github\Deep Learning\DeepNeuralNetworkUSS-1\Projects\Supermarket\data\train\Fruit_Pear_Conference\Conference_022.jpg","not_apple","train"
"C:\USS\Repositorios Github\Deep Learning\DeepNeuralNetworkUSS-1\Projects\Supermarket\data\train\Fruit_Pear_Conference\Conference_023.jpg","not_apple","train"
"C:\USS\Repositorios Github\Deep Learning\DeepNeuralNetworkUSS-1\Projects\Supermarket\data\train\Fruit_Pear_Conference\Conference_024.jpg","not_apple","train"
"C:\USS\Repositorios Github\Deep Learning\DeepNeuralNetworkUSS-1\Projects\Supermarket\data\train\Fruit_Pear_Conference\Conference_025.jpg","not_apple","train"
"C:\USS\Repositorios Github\Deep Learning\DeepNeuralNetworkUSS-1\Projects\Supermarket\data\train\Fruit_Pear_Conference\Conference_026.jpg","not_apple","train"
"C:\USS\Repositorios Github\Deep Learning\DeepNeuralNetworkUSS-1\Projects\Supermarket\data\train\Fruit_Pear_Conference\Conference_027.jpg","not_apple","train"
"C:\USS\Repositorios Github\Deep Learning\DeepNeuralNetworkUSS-1\Projects\Supermarket\data\train\Fruit_Pear_Conference\Conference_028.jpg","not_apple","train"
"C:\USS\Repositorios Github\Deep Learning\DeepNeuralNetworkUSS-1\Projects\Supermarket\data\train\Fruit_Pear_Conference\Conference_029.jpg","not_apple","train"
"C:\USS\Repositorios Github\Deep Learning\DeepNeuralNetworkUSS-1\Projects\Supermarket\data\train\Fruit_Pear_Conference\Conference_030.jpg","not_apple","train"
"C:\USS\Repositorios Github\Deep Learning\DeepNeuralNetworkUSS-1\Projects\Supermarket\data\train\Fruit_Pear_Conference\Conference_031.jpg","not_apple","train"
"C:\USS\Repositorios Github\Deep Learning\DeepNeuralNetworkUSS-1\Projects\Supermarket\data\train\Fruit_Pear_Conference\Conference_032.jpg","not_apple","train"
"C:\USS\Repositorios Github\Deep Learning\DeepNeuralNetworkUSS-1\Projects\Supermarket\data\train\Fruit_Pear_Conference\Conference_033.jpg","not_apple","train"
"C:\USS\Repositorios Github\Deep Learning\DeepNeuralNetworkUSS-1\Projects\Supermarket\data\train\Fruit_Pear_Conference\Conference_034.jpg","not_apple","train"
"C:\USS\Repositorios Github\Deep Learning\DeepNeuralNetworkUSS-1\Projects\Supermarket\data\train\Fruit_Pear_Conference\Conference_035.jpg","not_apple","train"
"C:\USS\Repositorios Github\Deep Learning\DeepNeuralNetworkUSS-1\Projects\Supermarket\data\train\Fruit_Pear_Conference\Conference_036.jpg","not_apple","train"
"C:\USS\Repositorios Github\Deep Learning\DeepNeuralNetworkUSS-1\Projects\Supermarket\data\train\Fruit_Pear_Conference\Conference_037.jpg","not_apple","train"
"C:\USS\Repositorios Github\Deep Learning\DeepNeuralNetworkUSS-1\Projects\Supermarket\data\train\Fruit_Pear_Conference\Conference_038.jpg","not_apple","train"
"C:\USS\Repositorios Github\Deep Learning\DeepNeuralNetworkUSS-1\Projects\Supermarket\data\train\Fruit_Pear_Conference\Conference_039.jpg","not_apple","train"
"C:\USS\Repositorios Github\Deep Learning\DeepNeuralNetworkUSS-1\Projects\Supermarket\data\train\Fruit_Pear_Conference\Conference_040.jpg","not_apple","train"
"C:\USS\Repositorios Github\Deep Learning\DeepNeuralNetworkUSS-1\Projects\Supermarket\data\train\Fruit_Pear_Conference\Conference_041.jpg","not_apple","train"
"C:\USS\Repositorios Github\Deep Learning\DeepNeuralNetworkUSS-1\Projects\Supermarket\data\train\Fruit_Pear_Conference\Conference_042.jpg","not_apple","train"
"C:\USS\Repositorios Github\Deep Learning\DeepNeuralNetworkUSS-1\Projects\Supermarket\data\train\Fruit_Pear_Conference\Conference_043.jpg","not_apple","train"
"C:\USS\Repositorios Github\Deep Learning\DeepNeuralNetworkUSS-1\Projects\Supermarket\data\train\Fruit_Pear_Conference\Conference_044.jpg","not_apple","train"
"C:\USS\Repositorios Github\Deep Learning\DeepNeuralNetworkUSS-1\Projects\Supermarket\data\train\Fruit_Pear_Conference\Conference_045.jpg","not_apple","train"
"C:\USS\Repositorios Github\Deep Learning\DeepNeuralNetworkUSS-1\Projects\Supermarket\data\train\Fruit_Pear_Kaiser\Kaiser_001.jpg","not_apple","train"
"C:\USS\Repositorios Github\Deep Learning\DeepNeuralNetworkUSS-1\Projects\Supermarket\data\train\Fruit_Pear_Kaiser\Kaiser_002.jpg","not_apple","train"
"C:\USS\Repositorios Github\Deep Learning\DeepNeuralNetworkUSS-1\Projects\Supermarket\data\train\Fruit_Pear_Kaiser\Kaiser_003.jpg","not_apple","train"
"C:\USS\Repositorios Github\Deep Learning\DeepNeuralNetworkUSS-1\Projects\Supermarket\data\train\Fruit_Pear_Kaiser\Kaiser_004.jpg","not_apple","train"
"C:\USS\Repositorios Github\Deep Learning\DeepNeuralNetworkUSS-1\Projects\Supermarket\data\train\Fruit_Pear_Kaiser\Kaiser_005.jpg","not_apple","train"
"C:\USS\Repositorios Github\Deep Learning\DeepNeuralNetworkUSS-1\Projects\Supermarket\data\train\Fruit_Pear_Kaiser\Kaiser_006.jpg","not_apple","train"
"C:\USS\Repositorios Github\Deep Learning\DeepNeuralNetworkUSS-1\Projects\Supermarket\data\train\Fruit_Pear_Kaiser\Kaiser_007.jpg","not_apple","train"
"C:\USS\Repositorios Github\Deep Learning\DeepNeuralNetworkUSS-1\Projects\Supermarket\data\train\Fruit_Pear_Kaiser\Kaiser_009.jpg","not_apple","train"
"C:\USS\Repositorios Github\Deep Learning\DeepNeuralNetworkUSS-1\Projects\Supermarket\data\train\Fruit_Pear_Kaiser\Kaiser_010.jpg","not_apple","train"
"C:\USS\Repositorios Github\Deep Learning\DeepNeuralNetworkUSS-1\Projects\Supermarket\data\train\Fruit_Pear_Kaiser\Kaiser_011.jpg","not_apple","train"
"C:\USS\Repositorios Github\Deep Learning\DeepNeuralNetworkUSS-1\Projects\Supermarket\data\train\Fruit_Pear_Kaiser\Kaiser_012.jpg","not_apple","train"
"C:\USS\Repositorios Github\Deep Learning\DeepNeuralNetworkUSS-1\Projects\Supermarket\data\train\Fruit_Pear_Kaiser\Kaiser_013.jpg","not_apple","train"
"C:\USS\Repositorios Github\Deep Learning\DeepNeuralNetworkUSS-1\Projects\Supermarket\data\train\Fruit_Pear_Kaiser\Kaiser_014.jpg","not_apple","train"
"C:\USS\Repositorios Github\Deep Learning\DeepNeuralNetworkUSS-1\Projects\Supermarket\data\train\Fruit_Pear_Kaiser\Kaiser_015.jpg","not_apple","train"
"C:\USS\Repositorios Github\Deep Learning\DeepNeuralNetworkUSS-1\Projects\Supermarket\data\train\Fruit_Pear_Kaiser\Kaiser_016.jpg","not_apple","train"
"C:\USS\Repositorios Github\Deep Learning\DeepNeuralNetworkUSS-1\Projects\Supermarket\data\train\Fruit_Pear_Kaiser\Kaiser_017.jpg","not_apple","train"
"C:\USS\Repositorios Github\Deep Learning\DeepNeuralNetworkUSS-1\Projects\Supermarket\data\train\Fruit_Pear_Kaiser\Kaiser_020.jpg","not_apple","train"
"C:\USS\Repositorios Github\Deep Learning\DeepNeuralNetworkUSS-1\Projects\Supermarket\data\train\Fruit_Pear_Kaiser\Kaiser_021.jpg","not_apple","train"
"C:\USS\Repositorios Github\Deep Learning\DeepNeuralNetworkUSS-1\Projects\Supermarket\data\train\Fruit_Pear_Kaiser\Kaiser_028.jpg","not_apple","train"
"C:\USS\Repositorios Github\Deep Learning\DeepNeuralNetworkUSS-1\Projects\Supermarket\data\train\Fruit_Pear_Kaiser\Kaiser_029.jpg","not_apple","train"
"C:\USS\Repositorios Github\Deep Learning\DeepNeuralNetworkUSS-1\Projects\Supermarket\data\train\Packages_Juice_Bravo-Apple-Juice\Bravo-Apple-Juice_001.jpg","not_apple","train"
"C:\USS\Repositorios Github\Deep Learning\DeepNeuralNetworkUSS-1\Projects\Supermarket\data\train\Packages_Juice_Bravo-Apple-Juice\Bravo-Apple-Juice_002.jpg","not_apple","train"
"C:\USS\Repositorios Github\Deep Learning\DeepNeuralNetworkUSS-1\Projects\Supermarket\data\train\Packages_Juice_Bravo-Apple-Juice\Bravo-Apple-Juice_003.jpg","not_apple","train"
"C:\USS\Repositorios Github\Deep Learning\DeepNeuralNetworkUSS-1\Projects\Supermarket\data\train\Packages_Juice_Bravo-Apple-Juice\Bravo-Apple-Juice_004.jpg","not_apple","train"
"C:\USS\Repositorios Github\Deep Learning\DeepNeuralNetworkUSS-1\Projects\Supermarket\data\train\Packages_Juice_Bravo-Apple-Juice\Bravo-Apple-Juice_005.jpg","not_apple","train"
"C:\USS\Repositorios Github\Deep Learning\DeepNeuralNetworkUSS-1\Projects\Supermarket\data\train\Packages_Juice_Bravo-Apple-Juice\Bravo-Apple-Juice_006.jpg","not_apple","train"
"C:\USS\Repositorios Github\Deep Learning\DeepNeuralNetworkUSS-1\Projects\Supermarket\data\train\Packages_Juice_Bravo-Apple-Juice\Bravo-Apple-Juice_007.jpg","not_apple","train"
"C:\USS\Repositorios Github\Deep Learning\DeepNeuralNetworkUSS-1\Projects\Supermarket\data\train\Packages_Juice_Bravo-Apple-Juice\Bravo-Apple-Juice_008.jpg","not_apple","train"
"C:\USS\Repositorios Github\Deep Learning\DeepNeuralNetworkUSS-1\Projects\Supermarket\data\train\Packages_Juice_Bravo-Apple-Juice\Bravo-Apple-Juice_009.jpg","not_apple","train"
"C:\USS\Repositorios Github\Deep Learning\DeepNeuralNetworkUSS-1\Projects\Supermarket\data\train\Packages_Juice_Bravo-Apple-Juice\Bravo-Apple-Juice_010.jpg","not_apple","train"
"C:\USS\Repositorios Github\Deep Learning\DeepNeuralNetworkUSS-1\Projects\Supermarket\data\train\Packages_Juice_Bravo-Apple-Juice\Bravo-Apple-Juice_011.jpg","not_apple","train"
"C:\USS\Repositorios Github\Deep Learning\DeepNeuralNetworkUSS-1\Projects\Supermarket\data\train\Packages_Juice_Bravo-Apple-Juice\Bravo-Apple-Juice_012.jpg","not_apple","train"
"C:\USS\Repositorios Github\Deep Learning\DeepNeuralNetworkUSS-1\Projects\Supermarket\data\train\Packages_Juice_Bravo-Apple-Juice\Bravo-Apple-Juice_013.jpg","not_apple","train"
"C:\USS\Repositorios Github\Deep Learning\DeepNeuralNetworkUSS-1\Projects\Supermarket\data\train\Packages_Juice_Bravo-Apple-Juice\Bravo-Apple-Juice_014.jpg","not_apple","train"
"C:\USS\Repositorios Github\Deep Learning\DeepNeuralNetworkUSS-1\Projects\Supermarket\data\train\Packages_Juice_Bravo-Apple-Juice\Bravo-Apple-Juice_015.jpg","not_apple","train"
"C:\USS\Repositorios Github\Deep Learning\DeepNeuralNetworkUSS-1\Projects\Supermarket\data\train\Packages_Juice_Bravo-Apple-Juice\Bravo-Apple-Juice_016.jpg","not_apple","train"
"C:\USS\Repositorios Github\Deep Learning\DeepNeuralNetworkUSS-1\Projects\Supermarket\data\train\Packages_Juice_Bravo-Apple-Juice\Bravo-Apple-Juice_017.jpg","not_apple","train"
"C:\USS\Repositorios Github\Deep Learning\DeepNeuralNetworkUSS-1\Projects\Supermarket\data\train\Packages_Juice_Bravo-Apple-Juice\Bravo-Apple-Juice_018.jpg","not_apple","train"
"C:\USS\Repositorios Github\Deep Learning\DeepNeuralNetworkUSS-1\Projects\Supermarket\data\train\Packages_Juice_Bravo-Apple-Juice\Bravo-Apple-Juice_019.jpg","not_apple","train"
"C:\USS\Repositorios Github\Deep Learning\DeepNeuralNetworkUSS-1\Projects\Supermarket\data\train\Packages_Juice_Bravo-Apple-Juice\Bravo-Apple-Juice_020.jpg","not_apple","train"
"C:\USS\Repositorios Github\Deep Learning\DeepNeuralNetworkUSS-1\Projects\Supermarket\data\train\Packages_Juice_Bravo-Apple-Juice\Bravo-Apple-Juice_021.jpg","not_apple","train"
"C:\USS\Repositorios Github\Deep Learning\DeepNeuralNetworkUSS-1\Projects\Supermarket\data\train\Packages_Juice_Bravo-Apple-Juice\Bravo-Apple-Juice_022.jpg","not_apple","train"
"C:\USS\Repositorios Github\Deep Learning\DeepNeuralNetworkUSS-1\Projects\Supermarket\data\train\Packages_Juice_Bravo-Apple-Juice\Bravo-Apple-Juice_023.jpg","not_apple","train"
"C:\USS\Repositorios Github\Deep Learning\DeepNeuralNetworkUSS-1\Projects\Supermarket\data\train\Packages_Juice_Bravo-Apple-Juice\Bravo-Apple-Juice_024.jpg","not_apple","train"
"C:\USS\Repositorios Github\Deep Learning\DeepNeuralNetworkUSS-1\Projects\Supermarket\data\train\Packages_Juice_Bravo-Apple-Juice\Bravo-Apple-Juice_025.jpg","not_apple","train"
"C:\USS\Repositorios Github\Deep Learning\DeepNeuralNetworkUSS-1\Projects\Supermarket\data\train\Packages_Juice_Bravo-Orange-Juice\Bravo-Orange-Juice_001.jpg","not_apple","train"
"C:\USS\Repositorios Github\Deep Learning\DeepNeuralNetworkUSS-1\Projects\Supermarket\data\train\Packages_Juice_Bravo-Orange-Juice\Bravo-Orange-Juice_002.jpg","not_apple","train"
"C:\USS\Repositorios Github\Deep Learning\DeepNeuralNetworkUSS-1\Projects\Supermarket\data\train\Packages_Juice_Bravo-Orange-Juice\Bravo-Orange-Juice_003.jpg","not_apple","train"
"C:\USS\Repositorios Github\Deep Learning\DeepNeuralNetworkUSS-1\Projects\Supermarket\data\train\Packages_Juice_Bravo-Orange-Juice\Bravo-Orange-Juice_004.jpg","not_apple","train"
"C:\USS\Repositorios Github\Deep Learning\DeepNeuralNetworkUSS-1\Projects\Supermarket\data\train\Packages_Juice_Bravo-Orange-Juice\Bravo-Orange-Juice_005.jpg","not_apple","train"
"C:\USS\Repositorios Github\Deep Learning\DeepNeuralNetworkUSS-1\Projects\Supermarket\data\train\Packages_Juice_Bravo-Orange-Juice\Bravo-Orange-Juice_006.jpg","not_apple","train"
"C:\USS\Repositorios Github\Deep Learning\DeepNeuralNetworkUSS-1\Projects\Supermarket\data\train\Packages_Juice_Bravo-Orange-Juice\Bravo-Orange-Juice_007.jpg","not_apple","train"
"C:\USS\Repositorios Github\Deep Learning\DeepNeuralNetworkUSS-1\Projects\Supermarket\data\train\Packages_Juice_Bravo-Orange-Juice\Bravo-Orange-Juice_008.jpg","not_apple","train"
"C:\USS\Repositorios Github\Deep Learning\DeepNeuralNetworkUSS-1\Projects\Supermarket\data\train\Packages_Juice_Bravo-Orange-Juice\Bravo-Orange-Juice_009.jpg","not_apple","train"
"C:\USS\Repositorios Github\Deep Learning\DeepNeuralNetworkUSS-1\Projects\Supermarket\data\train\Packages_Juice_Bravo-Orange-Juice\Bravo-Orange-Juice_010.jpg","not_apple","train"
"C:\USS\Repositorios Github\Deep Learning\DeepNeuralNetworkUSS-1\Projects\Supermarket\data\train\Packages_Juice_Bravo-Orange-Juice\Bravo-Orange-Juice_011.jpg","not_apple","train"
"C:\USS\Repositorios Github\Deep Learning\DeepNeuralNetworkUSS-1\Projects\Supermarket\data\train\Packages_Juice_Bravo-Orange-Juice\Bravo-Orange-Juice_012.jpg","not_apple","train"
"C:\USS\Repositorios Github\Deep Learning\DeepNeuralNetworkUSS-1\Projects\Supermarket\data\train\Packages_Juice_Bravo-Orange-Juice\Bravo-Orange-Juice_013.jpg","not_apple","train"
"C:\USS\Repositorios Github\Deep Learning\DeepNeuralNetworkUSS-1\Projects\Supermarket\data\train\Packages_Juice_Bravo-Orange-Juice\Bravo-Orange-Juice_014.jpg","not_apple","train"
"C:\USS\Repositorios Github\Deep Learning\DeepNeuralNetworkUSS-1\Projects\Supermarket\data\train\Packages_Juice_Bravo-Orange-Juice\Bravo-Orange-Juice_015.jpg","not_apple","train"
"C:\USS\Repositorios Github\Deep Learning\DeepNeuralNetworkUSS-1\Projects\Supermarket\data\train\Packages_Juice_Bravo-Orange-Juice\Bravo-Orange-Juice_016.jpg","not_apple","train"
"C:\USS\Repositorios Github\Deep Learning\DeepNeuralNetworkUSS-1\Projects\Supermarket\data\train\Packages_Juice_Bravo-Orange-Juice\Bravo-Orange-Juice_017.jpg","not_apple","train"
"C:\USS\Repositorios Github\Deep Learning\DeepNeuralNetworkUSS-1\Projects\Supermarket\data\train\Packages_Juice_Bravo-Orange-Juice\Bravo-Orange-Juice_018.jpg","not_apple","train"
"C:\USS\Repositorios Github\Deep Learning\DeepNeuralNetworkUSS-1\Projects\Supermarket\data\train\Packages_Juice_Bravo-Orange-Juice\Bravo-Orange-Juice_019.jpg","not_apple","train"
"C:\USS\Repositorios Github\Deep Learning\DeepNeuralNetworkUSS-1\Projects\Supermarket\data\train\Packages_Juice_Bravo-Orange-Juice\Bravo-Orange-Juice_020.jpg","not_apple","train"
"C:\USS\Repositorios Github\Deep Learning\DeepNeuralNetworkUSS-1\Projects\Supermarket\data\train\Packages_Juice_Bravo-Orange-Juice\Bravo-Orange-Juice_021.jpg","not_apple","train"
"C:\USS\Repositorios Github\Deep Learning\DeepNeuralNetworkUSS-1\Projects\Supermarket\data\train\Packages_Juice_Bravo-Orange-Juice\Bravo-Orange-Juice_022.jpg","not_apple","train"
"C:\USS\Repositorios Github\Deep Learning\DeepNeuralNetworkUSS-1\Projects\Supermarket\data\train\Packages_Juice_Bravo-Orange-Juice\Bravo-Orange-Juice_023.jpg","not_apple","train"
"C:\USS\Repositorios Github\Deep Learning\DeepNeuralNetworkUSS-1\Projects\Supermarket\data\train\Packages_Juice_Bravo-Orange-Juice\Bravo-Orange-Juice_024.jpg","not_apple","train"
"C:\USS\Repositorios Github\Deep Learning\DeepNeuralNetworkUSS-1\Projects\Supermarket\data\train\Packages_Juice_Bravo-Orange-Juice\Bravo-Orange-Juice_025.jpg","not_apple","train"
"C:\USS\Repositorios Github\Deep Learning\DeepNeuralNetworkUSS-1\Projects\Supermarket\data\train\Packages_Juice_Bravo-Orange-Juice\Bravo-Orange-Juice_026.jpg","not_apple","train"
"C:\USS\Repositorios Github\Deep Learning\DeepNeuralNetworkUSS-1\Projects\Supermarket\data\train\Packages_Juice_Bravo-Orange-Juice\Bravo-Orange-Juice_027.jpg","not_apple","train"
"C:\USS\Repositorios Github\Deep Learning\DeepNeuralNetworkUSS-1\Projects\Supermarket\data\train\Packages_Juice_Bravo-Orange-Juice\Bravo-Orange-Juice_028.jpg","not_apple","train"
"C:\USS\Repositorios Github\Deep Learning\DeepNeuralNetworkUSS-1\Projects\Supermarket\data\train\Packages_Juice_Bravo-Orange-Juice\Bravo-Orange-Juice_029.jpg","not_apple","train"
"C:\USS\Repositorios Github\Deep Learning\DeepNeuralNetworkUSS-1\Projects\Supermarket\data\train\Packages_Juice_Bravo-Orange-Juice\Bravo-Orange-Juice_030.jpg","not_apple","train"
"C:\USS\Repositorios Github\Deep Learning\DeepNeuralNetworkUSS-1\Projects\Supermarket\data\train\Packages_Juice_Bravo-Orange-Juice\Bravo-Orange-Juice_031.jpg","not_apple","train"
"C:\USS\Repositorios Github\Deep Learning\DeepNeuralNetworkUSS-1\Projects\Supermarket\data\train\Packages_Juice_Bravo-Orange-Juice\Bravo-Orange-Juice_032.jpg","not_apple","train"
"C:\USS\Repositorios Github\Deep Learning\DeepNeuralNetworkUSS-1\Projects\Supermarket\data\train\Packages_Juice_God-Morgon-Apple-Juice\God-Morgon-Apple-Juice_001.jpg","not_apple","train"
"C:\USS\Repositorios Github\Deep Learning\DeepNeuralNetworkUSS-1\Projects\Supermarket\data\train\Packages_Juice_God-Morgon-Apple-Juice\God-Morgon-Apple-Juice_002.jpg","not_apple","train"
"C:\USS\Repositorios Github\Deep Learning\DeepNeuralNetworkUSS-1\Projects\Supermarket\data\train\Packages_Juice_God-Morgon-Apple-Juice\God-Morgon-Apple-Juice_003.jpg","not_apple","train"
"C:\USS\Repositorios Github\Deep Learning\DeepNeuralNetworkUSS-1\Projects\Supermarket\data\train\Packages_Juice_God-Morgon-Apple-Juice\God-Morgon-Apple-Juice_004.jpg","not_apple","train"
"C:\USS\Repositorios Github\Deep Learning\DeepNeuralNetworkUSS-1\Projects\Supermarket\data\train\Packages_Juice_God-Morgon-Apple-Juice\God-Morgon-Apple-Juice_005.jpg","not_apple","train"
"C:\USS\Repositorios Github\Deep Learning\DeepNeuralNetworkUSS-1\Projects\Supermarket\data\train\Packages_Juice_God-Morgon-Apple-Juice\God-Morgon-Apple-Juice_006.jpg","not_apple","train"
"C:\USS\Repositorios Github\Deep Learning\DeepNeuralNetworkUSS-1\Projects\Supermarket\data\train\Packages_Juice_God-Morgon-Apple-Juice\God-Morgon-Apple-Juice_007.jpg","not_apple","train"
"C:\USS\Repositorios Github\Deep Learning\DeepNeuralNetworkUSS-1\Projects\Supermarket\data\train\Packages_Juice_God-Morgon-Apple-Juice\God-Morgon-Apple-Juice_008.jpg","not_apple","train"
"C:\USS\Repositorios Github\Deep Learning\DeepNeuralNetworkUSS-1\Projects\Supermarket\data\train\Packages_Juice_God-Morgon-Apple-Juice\God-Morgon-Apple-Juice_009.jpg","not_apple","train"
"C:\USS\Repositorios Github\Deep Learning\DeepNeuralNetworkUSS-1\Projects\Supermarket\data\train\Packages_Juice_God-Morgon-Apple-Juice\God-Morgon-Apple-Juice_010.jpg","not_apple","train"
"C:\USS\Repositorios Github\Deep Learning\DeepNeuralNetworkUSS-1\Projects\Supermarket\data\train\Packages_Juice_God-Morgon-Apple-Juice\God-Morgon-Apple-Juice_011.jpg","not_apple","train"
"C:\USS\Repositorios Github\Deep Learning\DeepNeuralNetworkUSS-1\Projects\Supermarket\data\train\Packages_Juice_God-Morgon-Apple-Juice\God-Morgon-Apple-Juice_012.jpg","not_apple","train"
"C:\USS\Repositorios Github\Deep Learning\DeepNeuralNetworkUSS-1\Projects\Supermarket\data\train\Packages_Juice_God-Morgon-Apple-Juice\God-Morgon-Apple-Juice_013.jpg","not_apple","train"
"C:\USS\Repositorios Github\Deep Learning\DeepNeuralNetworkUSS-1\Projects\Supermarket\data\train\Packages_Juice_God-Morgon-Apple-Juice\God-Morgon-Apple-Juice_014.jpg","not_apple","train"
"C:\USS\Repositorios Github\Deep Learning\DeepNeuralNetworkUSS-1\Projects\Supermarket\data\train\Packages_Juice_God-Morgon-Apple-Juice\God-Morgon-Apple-Juice_015.jpg","not_apple","train"
"C:\USS\Repositorios Github\Deep Learning\DeepNeuralNetworkUSS-1\Projects\Supermarket\data\train\Packages_Juice_God-Morgon-Apple-Juice\God-Morgon-Apple-Juice_016.jpg","not_apple","train"
"C:\USS\Repositorios Github\Deep Learning\DeepNeuralNetworkUSS-1\Projects\Supermarket\data\train\Packages_Juice_God-Morgon-Apple-Juice\God-Morgon-Apple-Juice_017.jpg","not_apple","train"
"C:\USS\Repositorios Github\Deep Learning\DeepNeuralNetworkUSS-1\Projects\Supermarket\data\train\Packages_Juice_God-Morgon-Apple-Juice\God-Morgon-Apple-Juice_018.jpg","not_apple","train"
"C:\USS\Repositorios Github\Deep Learning\DeepNeuralNetworkUSS-1\Projects\Supermarket\data\train\Packages_Juice_God-Morgon-Apple-Juice\God-Morgon-Apple-Juice_019.jpg","not_apple","train"
"C:\USS\Repositorios Github\Deep Learning\DeepNeuralNetworkUSS-1\Projects\Supermarket\data\train\Packages_Juice_God-Morgon-Orange-Juice\God-Morgon-Orange-Juice_001.jpg","not_apple","train"
"C:\USS\Repositorios Github\Deep Learning\DeepNeuralNetworkUSS-1\Projects\Supermarket\data\train\Packages_Juice_God-Morgon-Orange-Juice\God-Morgon-Orange-Juice_002.jpg","not_apple","train"
"C:\USS\Repositorios Github\Deep Learning\DeepNeuralNetworkUSS-1\Projects\Supermarket\data\train\Packages_Juice_God-Morgon-Orange-Juice\God-Morgon-Orange-Juice_003.jpg","not_apple","train"
"C:\USS\Repositorios Github\Deep Learning\DeepNeuralNetworkUSS-1\Projects\Supermarket\data\train\Packages_Juice_God-Morgon-Orange-Juice\God-Morgon-Orange-Juice_004.jpg","not_apple","train"
"C:\USS\Repositorios Github\Deep Learning\DeepNeuralNetworkUSS-1\Projects\Supermarket\data\train\Packages_Juice_God-Morgon-Orange-Juice\God-Morgon-Orange-Juice_005.jpg","not_apple","train"
"C:\USS\Repositorios Github\Deep Learning\DeepNeuralNetworkUSS-1\Projects\Supermarket\data\train\Packages_Juice_God-Morgon-Orange-Juice\God-Morgon-Orange-Juice_006.jpg","not_apple","train"
"C:\USS\Repositorios Github\Deep Learning\DeepNeuralNetworkUSS-1\Projects\Supermarket\data\train\Packages_Juice_God-Morgon-Orange-Juice\God-Morgon-Orange-Juice_007.jpg","not_apple","train"
"C:\USS\Repositorios Github\Deep Learning\DeepNeuralNetworkUSS-1\Projects\Supermarket\data\train\Packages_Juice_God-Morgon-Orange-Juice\God-Morgon-Orange-Juice_008.jpg","not_apple","train"
"C:\USS\Repositorios Github\Deep Learning\DeepNeuralNetworkUSS-1\Projects\Supermarket\data\train\Packages_Juice_God-Morgon-Orange-Juice\God-Morgon-Orange-Juice_009.jpg","not_apple","train"
"C:\USS\Repositorios Github\Deep Learning\DeepNeuralNetworkUSS-1\Projects\Supermarket\data\train\Packages_Juice_God-Morgon-Orange-Juice\God-Morgon-Orange-Juice_010.jpg","not_apple","train"
"C:\USS\Repositorios Github\Deep Learning\DeepNeuralNetworkUSS-1\Projects\Supermarket\data\train\Packages_Juice_God-Morgon-Orange-Juice\God-Morgon-Orange-Juice_011.jpg","not_apple","train"
"C:\USS\Repositorios Github\Deep Learning\DeepNeuralNetworkUSS-1\Projects\Supermarket\data\train\Packages_Juice_God-Morgon-Orange-Juice\God-Morgon-Orange-Juice_012.jpg","not_apple","train"
"C:\USS\Repositorios Github\Deep Learning\DeepNeuralNetworkUSS-1\Projects\Supermarket\data\train\Packages_Juice_God-Morgon-Orange-Juice\God-Morgon-Orange-Juice_013.jpg","not_apple","train"
"C:\USS\Repositorios Github\Deep Learning\DeepNeuralNetworkUSS-1\Projects\Supermarket\data\train\Packages_Juice_God-Morgon-Orange-Juice\God-Morgon-Orange-Juice_014.jpg","not_apple","train"
"C:\USS\Repositorios Github\Deep Learning\DeepNeuralNetworkUSS-1\Projects\Supermarket\data\train\Packages_Juice_God-Morgon-Orange-Juice\God-Morgon-Orange-Juice_015.jpg","not_apple","train"
"C:\USS\Repositorios Github\Deep Learning\DeepNeuralNetworkUSS-1\Projects\Supermarket\data\train\Packages_Juice_God-Morgon-Orange-Juice\God-Morgon-Orange-Juice_016.jpg","not_apple","train"
"C:\USS\Repositorios Github\Deep Learning\DeepNeuralNetworkUSS-1\Projects\Supermarket\data\train\Packages_Juice_God-Morgon-Orange-Juice\God-Morgon-Orange-Juice_017.jpg","not_apple","train"
"C:\USS\Repositorios Github\Deep Learning\DeepNeuralNetworkUSS-1\Projects\Supermarket\data\train\Packages_Juice_God-Morgon-Orange-Juice\God-Morgon-Orange-Juice_018.jpg","not_apple","train"
"C:\USS\Repositorios Github\Deep Learning\DeepNeuralNetworkUSS-1\Projects\Supermarket\data\train\Packages_Juice_God-Morgon-Orange-Juice\God-Morgon-Orange-Juice_019.jpg","not_apple","train"
"C:\USS\Repositorios Github\Deep Learning\DeepNeuralNetworkUSS-1\Projects\Supermarket\data\train\Packages_Juice_God-Morgon-Orange-Juice\God-Morgon-Orange-Juice_020.jpg","not_apple","train"
"C:\USS\Repositorios Github\Deep Learning\DeepNeuralNetworkUSS-1\Projects\Supermarket\data\train\Packages_Juice_God-Morgon-Orange-Juice\God-Morgon-Orange-Juice_021.jpg","not_apple","train"
"C:\USS\Repositorios Github\Deep Learning\DeepNeuralNetworkUSS-1\Projects\Supermarket\data\train\Packages_Juice_God-Morgon-Orange-Juice\God-Morgon-Orange-Juice_022.jpg","not_apple","train"
"C:\USS\Repositorios Github\Deep Learning\DeepNeuralNetworkUSS-1\Projects\Supermarket\data\train\Packages_Juice_God-Morgon-Orange-Juice\God-Morgon-Orange-Juice_023.jpg","not_apple","train"
"C:\USS\Repositorios Github\Deep Learning\DeepNeuralNetworkUSS-1\Projects\Supermarket\data\train\Packages_Juice_God-Morgon-Orange-Red-Grapefruit-Juice\God-Morgon-Orange-Red-Grapefruit-Juice_001.jpg","not_apple","train"
"C:\USS\Repositorios Github\Deep Learning\DeepNeuralNetworkUSS-1\Projects\Supermarket\data\train\Packages_Juice_God-Morgon-Orange-Red-Grapefruit-Juice\God-Morgon-Orange-Red-Grapefruit-Juice_002.jpg","not_apple","train"
"C:\USS\Repositorios Github\Deep Learning\DeepNeuralNetworkUSS-1\Projects\Supermarket\data\train\Packages_Juice_God-Morgon-Orange-Red-Grapefruit-Juice\God-Morgon-Orange-Red-Grapefruit-Juice_003.jpg","not_apple","train"
"C:\USS\Repositorios Github\Deep Learning\DeepNeuralNetworkUSS-1\Projects\Supermarket\data\train\Packages_Juice_God-Morgon-Orange-Red-Grapefruit-Juice\God-Morgon-Orange-Red-Grapefruit-Juice_004.jpg","not_apple","train"
"C:\USS\Repositorios Github\Deep Learning\DeepNeuralNetworkUSS-1\Projects\Supermarket\data\train\Packages_Juice_God-Morgon-Orange-Red-Grapefruit-Juice\God-Morgon-Orange-Red-Grapefruit-Juice_005.jpg","not_apple","train"
"C:\USS\Repositorios Github\Deep Learning\DeepNeuralNetworkUSS-1\Projects\Supermarket\data\train\Packages_Juice_God-Morgon-Orange-Red-Grapefruit-Juice\God-Morgon-Orange-Red-Grapefruit-Juice_006.jpg","not_apple","train"
"C:\USS\Repositorios Github\Deep Learning\DeepNeuralNetworkUSS-1\Projects\Supermarket\data\train\Packages_Juice_God-Morgon-Orange-Red-Grapefruit-Juice\God-Morgon-Orange-Red-Grapefruit-Juice_007.jpg","not_apple","train"
"C:\USS\Repositorios Github\Deep Learning\DeepNeuralNetworkUSS-1\Projects\Supermarket\data\train\Packages_Juice_God-Morgon-Orange-Red-Grapefruit-Juice\God-Morgon-Orange-Red-Grapefruit-Juice_008.jpg","not_apple","train"
"C:\USS\Repositorios Github\Deep Learning\DeepNeuralNetworkUSS-1\Projects\Supermarket\data\train\Packages_Juice_God-Morgon-Orange-Red-Grapefruit-Juice\God-Morgon-Orange-Red-Grapefruit-Juice_009.jpg","not_apple","train"
"C:\USS\Repositorios Github\Deep Learning\DeepNeuralNetworkUSS-1\Projects\Supermarket\data\train\Packages_Juice_God-Morgon-Orange-Red-Grapefruit-Juice\God-Morgon-Orange-Red-Grapefruit-Juice_010.jpg","not_apple","train"
"C:\USS\Repositorios Github\Deep Learning\DeepNeuralNetworkUSS-1\Projects\Supermarket\data\train\Packages_Juice_God-Morgon-Orange-Red-Grapefruit-Juice\God-Morgon-Orange-Red-Grapefruit-Juice_011.jpg","not_apple","train"
"C:\USS\Repositorios Github\Deep Learning\DeepNeuralNetworkUSS-1\Projects\Supermarket\data\train\Packages_Juice_God-Morgon-Orange-Red-Grapefruit-Juice\God-Morgon-Orange-Red-Grapefruit-Juice_012.jpg","not_apple","train"
"C:\USS\Repositorios Github\Deep Learning\DeepNeuralNetworkUSS-1\Projects\Supermarket\data\train\Packages_Juice_God-Morgon-Orange-Red-Grapefruit-Juice\God-Morgon-Orange-Red-Grapefruit-Juice_013.jpg","not_apple","train"
"C:\USS\Repositorios Github\Deep Learning\DeepNeuralNetworkUSS-1\Projects\Supermarket\data\train\Packages_Juice_God-Morgon-Orange-Red-Grapefruit-Juice\God-Morgon-Orange-Red-Grapefruit-Juice_014.jpg","not_apple","train"
"C:\USS\Repositorios Github\Deep Learning\DeepNeuralNetworkUSS-1\Projects\Supermarket\data\train\Packages_Juice_God-Morgon-Orange-Red-Grapefruit-Juice\God-Morgon-Orange-Red-Grapefruit-Juice_015.jpg","not_apple","train"
"C:\USS\Repositorios Github\Deep Learning\DeepNeuralNetworkUSS-1\Projects\Supermarket\data\train\Packages_Juice_God-Morgon-Orange-Red-Grapefruit-Juice\God-Morgon-Orange-Red-Grapefruit-Juice_016.jpg","not_apple","train"
"C:\USS\Repositorios Github\Deep Learning\DeepNeuralNetworkUSS-1\Projects\Supermarket\data\train\Packages_Juice_God-Morgon-Orange-Red-Grapefruit-Juice\God-Morgon-Orange-Red-Grapefruit-Juice_017.jpg","not_apple","train"
"C:\USS\Repositorios Github\Deep Learning\DeepNeuralNetworkUSS-1\Projects\Supermarket\data\train\Packages_Juice_God-Morgon-Orange-Red-Grapefruit-Juice\God-Morgon-Orange-Red-Grapefruit-Juice_018.jpg","not_apple","train"
"C:\USS\Repositorios Github\Deep Learning\DeepNeuralNetworkUSS-1\Projects\Supermarket\data\train\Packages_Juice_God-Morgon-Orange-Red-Grapefruit-Juice\God-Morgon-Orange-Red-Grapefruit-Juice_019.jpg","not_apple","train"
"C:\USS\Repositorios Github\Deep Learning\DeepNeuralNetworkUSS-1\Projects\Supermarket\data\train\Packages_Juice_God-Morgon-Orange-Red-Grapefruit-Juice\God-Morgon-Orange-Red-Grapefruit-Juice_020.jpg","not_apple","train"
"C:\USS\Repositorios Github\Deep Learning\DeepNeuralNetworkUSS-1\Projects\Supermarket\data\train\Packages_Juice_God-Morgon-Red-Grapefruit-Juice\God-Morgon-Red-Grapefruit-Juice_001.jpg","not_apple","train"
"C:\USS\Repositorios Github\Deep Learning\DeepNeuralNetworkUSS-1\Projects\Supermarket\data\train\Packages_Juice_God-Morgon-Red-Grapefruit-Juice\God-Morgon-Red-Grapefruit-Juice_002.jpg","not_apple","train"
"C:\USS\Repositorios Github\Deep Learning\DeepNeuralNetworkUSS-1\Projects\Supermarket\data\train\Packages_Juice_God-Morgon-Red-Grapefruit-Juice\God-Morgon-Red-Grapefruit-Juice_003.jpg","not_apple","train"
"C:\USS\Repositorios Github\Deep Learning\DeepNeuralNetworkUSS-1\Projects\Supermarket\data\train\Packages_Juice_God-Morgon-Red-Grapefruit-Juice\God-Morgon-Red-Grapefruit-Juice_004.jpg","not_apple","train"
"C:\USS\Repositorios Github\Deep Learning\DeepNeuralNetworkUSS-1\Projects\Supermarket\data\train\Packages_Juice_God-Morgon-Red-Grapefruit-Juice\God-Morgon-Red-Grapefruit-Juice_005.jpg","not_apple","train"
"C:\USS\Repositorios Github\Deep Learning\DeepNeuralNetworkUSS-1\Projects\Supermarket\data\train\Packages_Juice_God-Morgon-Red-Grapefruit-Juice\God-Morgon-Red-Grapefruit-Juice_006.jpg","not_apple","train"
"C:\USS\Repositorios Github\Deep Learning\DeepNeuralNetworkUSS-1\Projects\Supermarket\data\train\Packages_Juice_God-Morgon-Red-Grapefruit-Juice\God-Morgon-Red-Grapefruit-Juice_007.jpg","not_apple","train"
"C:\USS\Repositorios Github\Deep Learning\DeepNeuralNetworkUSS-1\Projects\Supermarket\data\train\Packages_Juice_God-Morgon-Red-Grapefruit-Juice\God-Morgon-Red-Grapefruit-Juice_008.jpg","not_apple","train"
"C:\USS\Repositorios Github\Deep Learning\DeepNeuralNetworkUSS-1\Projects\Supermarket\data\train\Packages_Juice_God-Morgon-Red-Grapefruit-Juice\God-Morgon-Red-Grapefruit-Juice_009.jpg","not_apple","train"
"C:\USS\Repositorios Github\Deep Learning\DeepNeuralNetworkUSS-1\Projects\Supermarket\data\train\Packages_Juice_God-Morgon-Red-Grapefruit-Juice\God-Morgon-Red-Grapefruit-Juice_010.jpg","not_apple","train"
"C:\USS\Repositorios Github\Deep Learning\DeepNeuralNetworkUSS-1\Projects\Supermarket\data\train\Packages_Juice_God-Morgon-Red-Grapefruit-Juice\God-Morgon-Red-Grapefruit-Juice_011.jpg","not_apple","train"
"C:\USS\Repositorios Github\Deep Learning\DeepNeuralNetworkUSS-1\Projects\Supermarket\data\train\Packages_Juice_God-Morgon-Red-Grapefruit-Juice\God-Morgon-Red-Grapefruit-Juice_012.jpg","not_apple","train"
"C:\USS\Repositorios Github\Deep Learning\DeepNeuralNetworkUSS-1\Projects\Supermarket\data\train\Packages_Juice_God-Morgon-Red-Grapefruit-Juice\God-Morgon-Red-Grapefruit-Juice_013.jpg","not_apple","train"
"C:\USS\Repositorios Github\Deep Learning\DeepNeuralNetworkUSS-1\Projects\Supermarket\data\train\Packages_Juice_God-Morgon-Red-Grapefruit-Juice\God-Morgon-Red-Grapefruit-Juice_014.jpg","not_apple","train"
"C:\USS\Repositorios Github\Deep Learning\DeepNeuralNetworkUSS-1\Projects\Supermarket\data\train\Packages_Juice_God-Morgon-Red-Grapefruit-Juice\God-Morgon-Red-Grapefruit-Juice_015.jpg","not_apple","train"
"C:\USS\Repositorios Github\Deep Learning\DeepNeuralNetworkUSS-1\Projects\Supermarket\data\train\Packages_Juice_God-Morgon-Red-Grapefruit-Juice\God-Morgon-Red-Grapefruit-Juice_016.jpg","not_apple","train"
"C:\USS\Repositorios Github\Deep Learning\DeepNeuralNetworkUSS-1\Projects\Supermarket\data\train\Packages_Juice_God-Morgon-Red-Grapefruit-Juice\God-Morgon-Red-Grapefruit-Juice_017.jpg","not_apple","train"
"C:\USS\Repositorios Github\Deep Learning\DeepNeuralNetworkUSS-1\Projects\Supermarket\data\train\Packages_Juice_God-Morgon-Red-Grapefruit-Juice\God-Morgon-Red-Grapefruit-Juice_018.jpg","not_apple","train"
"C:\USS\Repositorios Github\Deep Learning\DeepNeuralNetworkUSS-1\Projects\Supermarket\data\train\Packages_Juice_God-Morgon-Red-Grapefruit-Juice\God-Morgon-Red-Grapefruit-Juice_019.jpg","not_apple","train"
"C:\USS\Repositorios Github\Deep Learning\DeepNeuralNetworkUSS-1\Projects\Supermarket\data\train\Packages_Juice_God-Morgon-Red-Grapefruit-Juice\God-Morgon-Red-Grapefruit-Juice_020.jpg","not_apple","train"
"C:\USS\Repositorios Github\Deep Learning\DeepNeuralNetworkUSS-1\Projects\Supermarket\data\train\Packages_Juice_God-Morgon-Red-Grapefruit-Juice\God-Morgon-Red-Grapefruit-Juice_021.jpg","not_apple","train"
"C:\USS\Repositorios Github\Deep Learning\DeepNeuralNetworkUSS-1\Projects\Supermarket\data\train\Packages_Juice_God-Morgon-Red-Grapefruit-Juice\God-Morgon-Red-Grapefruit-Juice_022.jpg","not_apple","train"
"C:\USS\Repositorios Github\Deep Learning\DeepNeuralNetworkUSS-1\Projects\Supermarket\data\train\Packages_Juice_God-Morgon-Red-Grapefruit-Juice\God-Morgon-Red-Grapefruit-Juice_023.jpg","not_apple","train"
"C:\USS\Repositorios Github\Deep Learning\DeepNeuralNetworkUSS-1\Projects\Supermarket\data\train\Packages_Juice_God-Morgon-Red-Grapefruit-Juice\God-Morgon-Red-Grapefruit-Juice_024.jpg","not_apple","train"
"C:\USS\Repositorios Github\Deep Learning\DeepNeuralNetworkUSS-1\Projects\Supermarket\data\train\Packages_Juice_God-Morgon-Red-Grapefruit-Juice\God-Morgon-Red-Grapefruit-Juice_025.jpg","not_apple","train"
"C:\USS\Repositorios Github\Deep Learning\DeepNeuralNetworkUSS-1\Projects\Supermarket\data\train\Packages_Juice_God-Morgon-Red-Grapefruit-Juice\God-Morgon-Red-Grapefruit-Juice_026.jpg","not_apple","train"
"C:\USS\Repositorios Github\Deep Learning\DeepNeuralNetworkUSS-1\Projects\Supermarket\data\train\Packages_Juice_Tropicana-Apple-Juice\Tropicana-Apple-Juice_001.jpg","not_apple","train"
"C:\USS\Repositorios Github\Deep Learning\DeepNeuralNetworkUSS-1\Projects\Supermarket\data\train\Packages_Juice_Tropicana-Apple-Juice\Tropicana-Apple-Juice_002.jpg","not_apple","train"
"C:\USS\Repositorios Github\Deep Learning\DeepNeuralNetworkUSS-1\Projects\Supermarket\data\train\Packages_Juice_Tropicana-Apple-Juice\Tropicana-Apple-Juice_003.jpg","not_apple","train"
"C:\USS\Repositorios Github\Deep Learning\DeepNeuralNetworkUSS-1\Projects\Supermarket\data\train\Packages_Juice_Tropicana-Apple-Juice\Tropicana-Apple-Juice_004.jpg","not_apple","train"
"C:\USS\Repositorios Github\Deep Learning\DeepNeuralNetworkUSS-1\Projects\Supermarket\data\train\Packages_Juice_Tropicana-Apple-Juice\Tropicana-Apple-Juice_005.jpg","not_apple","train"
"C:\USS\Repositorios Github\Deep Learning\DeepNeuralNetworkUSS-1\Projects\Supermarket\data\train\Packages_Juice_Tropicana-Apple-Juice\Tropicana-Apple-Juice_006.jpg","not_apple","train"
"C:\USS\Repositorios Github\Deep Learning\DeepNeuralNetworkUSS-1\Projects\Supermarket\data\train\Packages_Juice_Tropicana-Apple-Juice\Tropicana-Apple-Juice_007.jpg","not_apple","train"
"C:\USS\Repositorios Github\Deep Learning\DeepNeuralNetworkUSS-1\Projects\Supermarket\data\train\Packages_Juice_Tropicana-Apple-Juice\Tropicana-Apple-Juice_010.jpg","not_apple","train"
"C:\USS\Repositorios Github\Deep Learning\DeepNeuralNetworkUSS-1\Projects\Supermarket\data\train\Packages_Juice_Tropicana-Apple-Juice\Tropicana-Apple-Juice_011.jpg","not_apple","train"
"C:\USS\Repositorios Github\Deep Learning\DeepNeuralNetworkUSS-1\Projects\Supermarket\data\train\Packages_Juice_Tropicana-Apple-Juice\Tropicana-Apple-Juice_012.jpg","not_apple","train"
"C:\USS\Repositorios Github\Deep Learning\DeepNeuralNetworkUSS-1\Projects\Supermarket\data\train\Packages_Juice_Tropicana-Apple-Juice\Tropicana-Apple-Juice_013.jpg","not_apple","train"
"C:\USS\Repositorios Github\Deep Learning\DeepNeuralNetworkUSS-1\Projects\Supermarket\data\train\Packages_Juice_Tropicana-Apple-Juice\Tropicana-Apple-Juice_014.jpg","not_apple","train"
"C:\USS\Repositorios Github\Deep Learning\DeepNeuralNetworkUSS-1\Projects\Supermarket\data\train\Packages_Juice_Tropicana-Apple-Juice\Tropicana-Apple-Juice_015.jpg","not_apple","train"
"C:\USS\Repositorios Github\Deep Learning\DeepNeuralNetworkUSS-1\Projects\Supermarket\data\train\Packages_Juice_Tropicana-Apple-Juice\Tropicana-Apple-Juice_016.jpg","not_apple","train"
"C:\USS\Repositorios Github\Deep Learning\DeepNeuralNetworkUSS-1\Projects\Supermarket\data\train\Packages_Juice_Tropicana-Apple-Juice\Tropicana-Apple-Juice_017.jpg","not_apple","train"
"C:\USS\Repositorios Github\Deep Learning\DeepNeuralNetworkUSS-1\Projects\Supermarket\data\train\Packages_Juice_Tropicana-Apple-Juice\Tropicana-Apple-Juice_019.jpg","not_apple","train"
"C:\USS\Repositorios Github\Deep Learning\DeepNeuralNetworkUSS-1\Projects\Supermarket\data\train\Packages_Juice_Tropicana-Apple-Juice\Tropicana-Apple-Juice_025.jpg","not_apple","train"
"C:\USS\Repositorios Github\Deep Learning\DeepNeuralNetworkUSS-1\Projects\Supermarket\data\train\Packages_Juice_Tropicana-Apple-Juice\Tropicana-Apple-Juice_026.jpg","not_apple","train"
"C:\USS\Repositorios Github\Deep Learning\DeepNeuralNetworkUSS-1\Projects\Supermarket\data\train\Packages_Juice_Tropicana-Apple-Juice\Tropicana-Apple-Juice_027.jpg","not_apple","train"
"C:\USS\Repositorios Github\Deep Learning\DeepNeuralNetworkUSS-1\Projects\Supermarket\data\train\Packages_Juice_Tropicana-Apple-Juice\Tropicana-Apple-Juice_028.jpg","not_apple","train"
"C:\USS\Repositorios Github\Deep Learning\DeepNeuralNetworkUSS-1\Projects\Supermarket\data\train\Packages_Juice_Tropicana-Apple-Juice\Tropicana-Apple-Juice_029.jpg","not_apple","train"
"C:\USS\Repositorios Github\Deep Learning\DeepNeuralNetworkUSS-1\Projects\Supermarket\data\train\Packages_Juice_Tropicana-Golden-Grapefruit\Tropicana-Golden-Grapefruit_001.jpg","not_apple","train"
"C:\USS\Repositorios Github\Deep Learning\DeepNeuralNetworkUSS-1\Projects\Supermarket\data\train\Packages_Juice_Tropicana-Golden-Grapefruit\Tropicana-Golden-Grapefruit_002.jpg","not_apple","train"
"C:\USS\Repositorios Github\Deep Learning\DeepNeuralNetworkUSS-1\Projects\Supermarket\data\train\Packages_Juice_Tropicana-Golden-Grapefruit\Tropicana-Golden-Grapefruit_003.jpg","not_apple","train"
"C:\USS\Repositorios Github\Deep Learning\DeepNeuralNetworkUSS-1\Projects\Supermarket\data\train\Packages_Juice_Tropicana-Golden-Grapefruit\Tropicana-Golden-Grapefruit_004.jpg","not_apple","train"
"C:\USS\Repositorios Github\Deep Learning\DeepNeuralNetworkUSS-1\Projects\Supermarket\data\train\Packages_Juice_Tropicana-Golden-Grapefruit\Tropicana-Golden-Grapefruit_005.jpg","not_apple","train"
"C:\USS\Repositorios Github\Deep Learning\DeepNeuralNetworkUSS-1\Projects\Supermarket\data\train\Packages_Juice_Tropicana-Golden-Grapefruit\Tropicana-Golden-Grapefruit_006.jpg","not_apple","train"
"C:\USS\Repositorios Github\Deep Learning\DeepNeuralNetworkUSS-1\Projects\Supermarket\data\train\Packages_Juice_Tropicana-Golden-Grapefruit\Tropicana-Golden-Grapefruit_007.jpg","not_apple","train"
"C:\USS\Repositorios Github\Deep Learning\DeepNeuralNetworkUSS-1\Projects\Supermarket\data\train\Packages_Juice_Tropicana-Golden-Grapefruit\Tropicana-Golden-Grapefruit_010.jpg","not_apple","train"
"C:\USS\Repositorios Github\Deep Learning\DeepNeuralNetworkUSS-1\Projects\Supermarket\data\train\Packages_Juice_Tropicana-Golden-Grapefruit\Tropicana-Golden-Grapefruit_011.jpg","not_apple","train"
"C:\USS\Repositorios Github\Deep Learning\DeepNeuralNetworkUSS-1\Projects\Supermarket\data\train\Packages_Juice_Tropicana-Golden-Grapefruit\Tropicana-Golden-Grapefruit_012.jpg","not_apple","train"
"C:\USS\Repositorios Github\Deep Learning\DeepNeuralNetworkUSS-1\Projects\Supermarket\data\train\Packages_Juice_Tropicana-Golden-Grapefruit\Tropicana-Golden-Grapefruit_013.jpg","not_apple","train"
"C:\USS\Repositorios Github\Deep Learning\DeepNeuralNetworkUSS-1\Projects\Supermarket\data\train\Packages_Juice_Tropicana-Golden-Grapefruit\Tropicana-Golden-Grapefruit_014.jpg","not_apple","train"
"C:\USS\Repositorios Github\Deep Learning\DeepNeuralNetworkUSS-1\Projects\Supermarket\data\train\Packages_Juice_Tropicana-Golden-Grapefruit\Tropicana-Golden-Grapefruit_015.jpg","not_apple","train"
"C:\USS\Repositorios Github\Deep Learning\DeepNeuralNetworkUSS-1\Projects\Supermarket\data\train\Packages_Juice_Tropicana-Golden-Grapefruit\Tropicana-Golden-Grapefruit_016.jpg","not_apple","train"
"C:\USS\Repositorios Github\Deep Learning\DeepNeuralNetworkUSS-1\Projects\Supermarket\data\train\Packages_Juice_Tropicana-Golden-Grapefruit\Tropicana-Golden-Grapefruit_017.jpg","not_apple","train"
"C:\USS\Repositorios Github\Deep Learning\DeepNeuralNetworkUSS-1\Projects\Supermarket\data\train\Packages_Juice_Tropicana-Juice-Smooth\Tropicana-Juice-Smooth_002.jpg","not_apple","train"
"C:\USS\Repositorios Github\Deep Learning\DeepNeuralNetworkUSS-1\Projects\Supermarket\data\train\Packages_Juice_Tropicana-Juice-Smooth\Tropicana-Juice-Smooth_003.jpg","not_apple","train"
"C:\USS\Repositorios Github\Deep Learning\DeepNeuralNetworkUSS-1\Projects\Supermarket\data\train\Packages_Juice_Tropicana-Juice-Smooth\Tropicana-Juice-Smooth_008.jpg","not_apple","train"
"C:\USS\Repositorios Github\Deep Learning\DeepNeuralNetworkUSS-1\Projects\Supermarket\data\train\Packages_Juice_Tropicana-Juice-Smooth\Tropicana-Juice-Smooth_009.jpg","not_apple","train"
"C:\USS\Repositorios Github\Deep Learning\DeepNeuralNetworkUSS-1\Projects\Supermarket\data\train\Packages_Juice_Tropicana-Juice-Smooth\Tropicana-Juice-Smooth_015.jpg","not_apple","train"
"C:\USS\Repositorios Github\Deep Learning\DeepNeuralNetworkUSS-1\Projects\Supermarket\data\train\Packages_Juice_Tropicana-Juice-Smooth\Tropicana-Juice-Smooth_016.jpg","not_apple","train"
"C:\USS\Repositorios Github\Deep Learning\DeepNeuralNetworkUSS-1\Projects\Supermarket\data\train\Packages_Juice_Tropicana-Juice-Smooth\Tropicana-Juice-Smooth_017.jpg","not_apple","train"
"C:\USS\Repositorios Github\Deep Learning\DeepNeuralNetworkUSS-1\Projects\Supermarket\data\train\Packages_Juice_Tropicana-Juice-Smooth\Tropicana-Juice-Smooth_018.jpg","not_apple","train"
"C:\USS\Repositorios Github\Deep Learning\DeepNeuralNetworkUSS-1\Projects\Supermarket\data\train\Packages_Juice_Tropicana-Juice-Smooth\Tropicana-Juice-Smooth_019.jpg","not_apple","train"
"C:\USS\Repositorios Github\Deep Learning\DeepNeuralNetworkUSS-1\Projects\Supermarket\data\train\Packages_Juice_Tropicana-Juice-Smooth\Tropicana-Juice-Smooth_020.jpg","not_apple","train"
"C:\USS\Repositorios Github\Deep Learning\DeepNeuralNetworkUSS-1\Projects\Supermarket\data\train\Packages_Juice_Tropicana-Juice-Smooth\Tropicana-Juice-Smooth_021.jpg","not_apple","train"
"C:\USS\Repositorios Github\Deep Learning\DeepNeuralNetworkUSS-1\Projects\Supermarket\data\train\Packages_Juice_Tropicana-Juice-Smooth\Tropicana-Juice-Smooth_022.jpg","not_apple","train"
"C:\USS\Repositorios Github\Deep Learning\DeepNeuralNetworkUSS-1\Projects\Supermarket\data\train\Packages_Juice_Tropicana-Juice-Smooth\Tropicana-Juice-Smooth_023.jpg","not_apple","train"
"C:\USS\Repositorios Github\Deep Learning\DeepNeuralNetworkUSS-1\Projects\Supermarket\data\train\Packages_Juice_Tropicana-Juice-Smooth\Tropicana-Juice-Smooth_024.jpg","not_apple","train"
"C:\USS\Repositorios Github\Deep Learning\DeepNeuralNetworkUSS-1\Projects\Supermarket\data\train\Packages_Juice_Tropicana-Juice-Smooth\Tropicana-Juice-Smooth_025.jpg","not_apple","train"
"C:\USS\Repositorios Github\Deep Learning\DeepNeuralNetworkUSS-1\Projects\Supermarket\data\train\Packages_Juice_Tropicana-Juice-Smooth\Tropicana-Juice-Smooth_026.jpg","not_apple","train"
"C:\USS\Repositorios Github\Deep Learning\DeepNeuralNetworkUSS-1\Projects\Supermarket\data\train\Packages_Juice_Tropicana-Mandarin-Morning\Tropicana-Mandarin-Morning_002.jpg","not_apple","train"
"C:\USS\Repositorios Github\Deep Learning\DeepNeuralNetworkUSS-1\Projects\Supermarket\data\train\Packages_Juice_Tropicana-Mandarin-Morning\Tropicana-Mandarin-Morning_003.jpg","not_apple","train"
"C:\USS\Repositorios Github\Deep Learning\DeepNeuralNetworkUSS-1\Projects\Supermarket\data\train\Packages_Juice_Tropicana-Mandarin-Morning\Tropicana-Mandarin-Morning_008.jpg","not_apple","train"
"C:\USS\Repositorios Github\Deep Learning\DeepNeuralNetworkUSS-1\Projects\Supermarket\data\train\Packages_Juice_Tropicana-Mandarin-Morning\Tropicana-Mandarin-Morning_009.jpg","not_apple","train"
"C:\USS\Repositorios Github\Deep Learning\DeepNeuralNetworkUSS-1\Projects\Supermarket\data\train\Packages_Juice_Tropicana-Mandarin-Morning\Tropicana-Mandarin-Morning_015.jpg","not_apple","train"
"C:\USS\Repositorios Github\Deep Learning\DeepNeuralNetworkUSS-1\Projects\Supermarket\data\train\Packages_Juice_Tropicana-Mandarin-Morning\Tropicana-Mandarin-Morning_016.jpg","not_apple","train"
"C:\USS\Repositorios Github\Deep Learning\DeepNeuralNetworkUSS-1\Projects\Supermarket\data\train\Packages_Juice_Tropicana-Mandarin-Morning\Tropicana-Mandarin-Morning_017.jpg","not_apple","train"
"C:\USS\Repositorios Github\Deep Learning\DeepNeuralNetworkUSS-1\Projects\Supermarket\data\train\Packages_Juice_Tropicana-Mandarin-Morning\Tropicana-Mandarin-Morning_018.jpg","not_apple","train"
"C:\USS\Repositorios Github\Deep Learning\DeepNeuralNetworkUSS-1\Projects\Supermarket\data\train\Packages_Juice_Tropicana-Mandarin-Morning\Tropicana-Mandarin-Morning_019.jpg","not_apple","train"
"C:\USS\Repositorios Github\Deep Learning\DeepNeuralNetworkUSS-1\Projects\Supermarket\data\train\Packages_Juice_Tropicana-Mandarin-Morning\Tropicana-Mandarin-Morning_020.jpg","not_apple","train"
"C:\USS\Repositorios Github\Deep Learning\DeepNeuralNetworkUSS-1\Projects\Supermarket\data\train\Packages_Milk_Arla-Ecological-Medium-Fat-Milk\Arla-Ecological-Medium-Fat-Milk_001.jpg","not_apple","train"
"C:\USS\Repositorios Github\Deep Learning\DeepNeuralNetworkUSS-1\Projects\Supermarket\data\train\Packages_Milk_Arla-Ecological-Medium-Fat-Milk\Arla-Ecological-Medium-Fat-Milk_002.jpg","not_apple","train"
"C:\USS\Repositorios Github\Deep Learning\DeepNeuralNetworkUSS-1\Projects\Supermarket\data\train\Packages_Milk_Arla-Ecological-Medium-Fat-Milk\Arla-Ecological-Medium-Fat-Milk_003.jpg","not_apple","train"
"C:\USS\Repositorios Github\Deep Learning\DeepNeuralNetworkUSS-1\Projects\Supermarket\data\train\Packages_Milk_Arla-Ecological-Medium-Fat-Milk\Arla-Ecological-Medium-Fat-Milk_004.jpg","not_apple","train"
"C:\USS\Repositorios Github\Deep Learning\DeepNeuralNetworkUSS-1\Projects\Supermarket\data\train\Packages_Milk_Arla-Ecological-Medium-Fat-Milk\Arla-Ecological-Medium-Fat-Milk_005.jpg","not_apple","train"
"C:\USS\Repositorios Github\Deep Learning\DeepNeuralNetworkUSS-1\Projects\Supermarket\data\train\Packages_Milk_Arla-Ecological-Medium-Fat-Milk\Arla-Ecological-Medium-Fat-Milk_006.jpg","not_apple","train"
"C:\USS\Repositorios Github\Deep Learning\DeepNeuralNetworkUSS-1\Projects\Supermarket\data\train\Packages_Milk_Arla-Ecological-Medium-Fat-Milk\Arla-Ecological-Medium-Fat-Milk_007.jpg","not_apple","train"
"C:\USS\Repositorios Github\Deep Learning\DeepNeuralNetworkUSS-1\Projects\Supermarket\data\train\Packages_Milk_Arla-Ecological-Medium-Fat-Milk\Arla-Ecological-Medium-Fat-Milk_008.jpg","not_apple","train"
"C:\USS\Repositorios Github\Deep Learning\DeepNeuralNetworkUSS-1\Projects\Supermarket\data\train\Packages_Milk_Arla-Ecological-Medium-Fat-Milk\Arla-Ecological-Medium-Fat-Milk_009.jpg","not_apple","train"
"C:\USS\Repositorios Github\Deep Learning\DeepNeuralNetworkUSS-1\Projects\Supermarket\data\train\Packages_Milk_Arla-Ecological-Medium-Fat-Milk\Arla-Ecological-Medium-Fat-Milk_010.jpg","not_apple","train"
"C:\USS\Repositorios Github\Deep Learning\DeepNeuralNetworkUSS-1\Projects\Supermarket\data\train\Packages_Milk_Arla-Ecological-Medium-Fat-Milk\Arla-Ecological-Medium-Fat-Milk_011.jpg","not_apple","train"
"C:\USS\Repositorios Github\Deep Learning\DeepNeuralNetworkUSS-1\Projects\Supermarket\data\train\Packages_Milk_Arla-Ecological-Medium-Fat-Milk\Arla-Ecological-Medium-Fat-Milk_012.jpg","not_apple","train"
"C:\USS\Repositorios Github\Deep Learning\DeepNeuralNetworkUSS-1\Projects\Supermarket\data\train\Packages_Milk_Arla-Ecological-Medium-Fat-Milk\Arla-Ecological-Medium-Fat-Milk_013.jpg","not_apple","train"
"C:\USS\Repositorios Github\Deep Learning\DeepNeuralNetworkUSS-1\Projects\Supermarket\data\train\Packages_Milk_Arla-Ecological-Medium-Fat-Milk\Arla-Ecological-Medium-Fat-Milk_014.jpg","not_apple","train"
"C:\USS\Repositorios Github\Deep Learning\DeepNeuralNetworkUSS-1\Projects\Supermarket\data\train\Packages_Milk_Arla-Ecological-Medium-Fat-Milk\Arla-Ecological-Medium-Fat-Milk_015.jpg","not_apple","train"
"C:\USS\Repositorios Github\Deep Learning\DeepNeuralNetworkUSS-1\Projects\Supermarket\data\train\Packages_Milk_Arla-Ecological-Medium-Fat-Milk\Arla-Ecological-Medium-Fat-Milk_016.jpg","not_apple","train"
"C:\USS\Repositorios Github\Deep Learning\DeepNeuralNetworkUSS-1\Projects\Supermarket\data\train\Packages_Milk_Arla-Ecological-Medium-Fat-Milk\Arla-Ecological-Medium-Fat-Milk_017.jpg","not_apple","train"
"C:\USS\Repositorios Github\Deep Learning\DeepNeuralNetworkUSS-1\Projects\Supermarket\data\train\Packages_Milk_Arla-Ecological-Medium-Fat-Milk\Arla-Ecological-Medium-Fat-Milk_018.jpg","not_apple","train"
"C:\USS\Repositorios Github\Deep Learning\DeepNeuralNetworkUSS-1\Projects\Supermarket\data\train\Packages_Milk_Arla-Ecological-Medium-Fat-Milk\Arla-Ecological-Medium-Fat-Milk_019.jpg","not_apple","train"
"C:\USS\Repositorios Github\Deep Learning\DeepNeuralNetworkUSS-1\Projects\Supermarket\data\train\Packages_Milk_Arla-Ecological-Medium-Fat-Milk\Arla-Ecological-Medium-Fat-Milk_020.jpg","not_apple","train"
"C:\USS\Repositorios Github\Deep Learning\DeepNeuralNetworkUSS-1\Projects\Supermarket\data\train\Packages_Milk_Arla-Ecological-Medium-Fat-Milk\Arla-Ecological-Medium-Fat-Milk_021.jpg","not_apple","train"
"C:\USS\Repositorios Github\Deep Learning\DeepNeuralNetworkUSS-1\Projects\Supermarket\data\train\Packages_Milk_Arla-Ecological-Medium-Fat-Milk\Arla-Ecological-Medium-Fat-Milk_022.jpg","not_apple","train"
"C:\USS\Repositorios Github\Deep Learning\DeepNeuralNetworkUSS-1\Projects\Supermarket\data\train\Packages_Milk_Arla-Ecological-Medium-Fat-Milk\Arla-Ecological-Medium-Fat-Milk_023.jpg","not_apple","train"
"C:\USS\Repositorios Github\Deep Learning\DeepNeuralNetworkUSS-1\Projects\Supermarket\data\train\Packages_Milk_Arla-Ecological-Medium-Fat-Milk\Arla-Ecological-Medium-Fat-Milk_024.jpg","not_apple","train"
"C:\USS\Repositorios Github\Deep Learning\DeepNeuralNetworkUSS-1\Projects\Supermarket\data\train\Packages_Milk_Arla-Ecological-Medium-Fat-Milk\Arla-Ecological-Medium-Fat-Milk_025.jpg","not_apple","train"
"C:\USS\Repositorios Github\Deep Learning\DeepNeuralNetworkUSS-1\Projects\Supermarket\data\train\Packages_Milk_Arla-Ecological-Medium-Fat-Milk\Arla-Ecological-Medium-Fat-Milk_026.jpg","not_apple","train"
"C:\USS\Repositorios Github\Deep Learning\DeepNeuralNetworkUSS-1\Projects\Supermarket\data\train\Packages_Milk_Arla-Ecological-Medium-Fat-Milk\Arla-Ecological-Medium-Fat-Milk_027.jpg","not_apple","train"
"C:\USS\Repositorios Github\Deep Learning\DeepNeuralNetworkUSS-1\Projects\Supermarket\data\train\Packages_Milk_Arla-Ecological-Medium-Fat-Milk\Arla-Ecological-Medium-Fat-Milk_028.jpg","not_apple","train"
"C:\USS\Repositorios Github\Deep Learning\DeepNeuralNetworkUSS-1\Projects\Supermarket\data\train\Packages_Milk_Arla-Ecological-Medium-Fat-Milk\Arla-Ecological-Medium-Fat-Milk_029.jpg","not_apple","train"
"C:\USS\Repositorios Github\Deep Learning\DeepNeuralNetworkUSS-1\Projects\Supermarket\data\train\Packages_Milk_Arla-Lactose-Medium-Fat-Milk\Arla-Lactose-Medium-Fat-Milk_006.jpg","not_apple","train"
"C:\USS\Repositorios Github\Deep Learning\DeepNeuralNetworkUSS-1\Projects\Supermarket\data\train\Packages_Milk_Arla-Lactose-Medium-Fat-Milk\Arla-Lactose-Medium-Fat-Milk_007.jpg","not_apple","train"
"C:\USS\Repositorios Github\Deep Learning\DeepNeuralNetworkUSS-1\Projects\Supermarket\data\train\Packages_Milk_Arla-Lactose-Medium-Fat-Milk\Arla-Lactose-Medium-Fat-Milk_008.jpg","not_apple","train"
"C:\USS\Repositorios Github\Deep Learning\DeepNeuralNetworkUSS-1\Projects\Supermarket\data\train\Packages_Milk_Arla-Lactose-Medium-Fat-Milk\Arla-Lactose-Medium-Fat-Milk_009.jpg","not_apple","train"
"C:\USS\Repositorios Github\Deep Learning\DeepNeuralNetworkUSS-1\Projects\Supermarket\data\train\Packages_Milk_Arla-Lactose-Medium-Fat-Milk\Arla-Lactose-Medium-Fat-Milk_011.jpg","not_apple","train"
"C:\USS\Repositorios Github\Deep Learning\DeepNeuralNetworkUSS-1\Projects\Supermarket\data\train\Packages_Milk_Arla-Lactose-Medium-Fat-Milk\Arla-Lactose-Medium-Fat-Milk_012.jpg","not_apple","train"
"C:\USS\Repositorios Github\Deep Learning\DeepNeuralNetworkUSS-1\Projects\Supermarket\data\train\Packages_Milk_Arla-Lactose-Medium-Fat-Milk\Arla-Lactose-Medium-Fat-Milk_013.jpg","not_apple","train"
"C:\USS\Repositorios Github\Deep Learning\DeepNeuralNetworkUSS-1\Projects\Supermarket\data\train\Packages_Milk_Arla-Lactose-Medium-Fat-Milk\Arla-Lactose-Medium-Fat-Milk_018.jpg","not_apple","train"
"C:\USS\Repositorios Github\Deep Learning\DeepNeuralNetworkUSS-1\Projects\Supermarket\data\train\Packages_Milk_Arla-Lactose-Medium-Fat-Milk\Arla-Lactose-Medium-Fat-Milk_019.jpg","not_apple","train"
"C:\USS\Repositorios Github\Deep Learning\DeepNeuralNetworkUSS-1\Projects\Supermarket\data\train\Packages_Milk_Arla-Lactose-Medium-Fat-Milk\Arla-Lactose-Medium-Fat-Milk_020.jpg","not_apple","train"
"C:\USS\Repositorios Github\Deep Learning\DeepNeuralNetworkUSS-1\Projects\Supermarket\data\train\Packages_Milk_Arla-Lactose-Medium-Fat-Milk\Arla-Lactose-Medium-Fat-Milk_021.jpg","not_apple","train"
"C:\USS\Repositorios Github\Deep Learning\DeepNeuralNetworkUSS-1\Projects\Supermarket\data\train\Packages_Milk_Arla-Lactose-Medium-Fat-Milk\Arla-Lactose-Medium-Fat-Milk_022.jpg","not_apple","train"
"C:\USS\Repositorios Github\Deep Learning\DeepNeuralNetworkUSS-1\Projects\Supermarket\data\train\Packages_Milk_Arla-Lactose-Medium-Fat-Milk\Arla-Lactose-Medium-Fat-Milk_023.jpg","not_apple","train"
"C:\USS\Repositorios Github\Deep Learning\DeepNeuralNetworkUSS-1\Projects\Supermarket\data\train\Packages_Milk_Arla-Lactose-Medium-Fat-Milk\Arla-Lactose-Medium-Fat-Milk_024.jpg","not_apple","train"
"C:\USS\Repositorios Github\Deep Learning\DeepNeuralNetworkUSS-1\Projects\Supermarket\data\train\Packages_Milk_Arla-Lactose-Medium-Fat-Milk\Arla-Lactose-Medium-Fat-Milk_025.jpg","not_apple","train"
"C:\USS\Repositorios Github\Deep Learning\DeepNeuralNetworkUSS-1\Projects\Supermarket\data\train\Packages_Milk_Arla-Lactose-Medium-Fat-Milk\Arla-Lactose-Medium-Fat-Milk_026.jpg","not_apple","train"
"C:\USS\Repositorios Github\Deep Learning\DeepNeuralNetworkUSS-1\Projects\Supermarket\data\train\Packages_Milk_Arla-Medium-Fat-Milk\Arla-Medium-Fat-Milk_001.jpg","not_apple","train"
"C:\USS\Repositorios Github\Deep Learning\DeepNeuralNetworkUSS-1\Projects\Supermarket\data\train\Packages_Milk_Arla-Medium-Fat-Milk\Arla-Medium-Fat-Milk_002.jpg","not_apple","train"
"C:\USS\Repositorios Github\Deep Learning\DeepNeuralNetworkUSS-1\Projects\Supermarket\data\train\Packages_Milk_Arla-Medium-Fat-Milk\Arla-Medium-Fat-Milk_003.jpg","not_apple","train"
"C:\USS\Repositorios Github\Deep Learning\DeepNeuralNetworkUSS-1\Projects\Supermarket\data\train\Packages_Milk_Arla-Medium-Fat-Milk\Arla-Medium-Fat-Milk_004.jpg","not_apple","train"
"C:\USS\Repositorios Github\Deep Learning\DeepNeuralNetworkUSS-1\Projects\Supermarket\data\train\Packages_Milk_Arla-Medium-Fat-Milk\Arla-Medium-Fat-Milk_005.jpg","not_apple","train"
"C:\USS\Repositorios Github\Deep Learning\DeepNeuralNetworkUSS-1\Projects\Supermarket\data\train\Packages_Milk_Arla-Medium-Fat-Milk\Arla-Medium-Fat-Milk_006.jpg","not_apple","train"
"C:\USS\Repositorios Github\Deep Learning\DeepNeuralNetworkUSS-1\Projects\Supermarket\data\train\Packages_Milk_Arla-Medium-Fat-Milk\Arla-Medium-Fat-Milk_007.jpg","not_apple","train"
"C:\USS\Repositorios Github\Deep Learning\DeepNeuralNetworkUSS-1\Projects\Supermarket\data\train\Packages_Milk_Arla-Medium-Fat-Milk\Arla-Medium-Fat-Milk_008.jpg","not_apple","train"
"C:\USS\Repositorios Github\Deep Learning\DeepNeuralNetworkUSS-1\Projects\Supermarket\data\train\Packages_Milk_Arla-Medium-Fat-Milk\Arla-Medium-Fat-Milk_009.jpg","not_apple","train"
"C:\USS\Repositorios Github\Deep Learning\DeepNeuralNetworkUSS-1\Projects\Supermarket\data\train\Packages_Milk_Arla-Medium-Fat-Milk\Arla-Medium-Fat-Milk_010.jpg","not_apple","train"
"C:\USS\Repositorios Github\Deep Learning\DeepNeuralNetworkUSS-1\Projects\Supermarket\data\train\Packages_Milk_Arla-Medium-Fat-Milk\Arla-Medium-Fat-Milk_011.jpg","not_apple","train"
"C:\USS\Repositorios Github\Deep Learning\DeepNeuralNetworkUSS-1\Projects\Supermarket\data\train\Packages_Milk_Arla-Medium-Fat-Milk\Arla-Medium-Fat-Milk_012.jpg","not_apple","train"
"C:\USS\Repositorios Github\Deep Learning\DeepNeuralNetworkUSS-1\Projects\Supermarket\data\train\Packages_Milk_Arla-Medium-Fat-Milk\Arla-Medium-Fat-Milk_013.jpg","not_apple","train"
"C:\USS\Repositorios Github\Deep Learning\DeepNeuralNetworkUSS-1\Projects\Supermarket\data\train\Packages_Milk_Arla-Medium-Fat-Milk\Arla-Medium-Fat-Milk_014.jpg","not_apple","train"
"C:\USS\Repositorios Github\Deep Learning\DeepNeuralNetworkUSS-1\Projects\Supermarket\data\train\Packages_Milk_Arla-Medium-Fat-Milk\Arla-Medium-Fat-Milk_015.jpg","not_apple","train"
"C:\USS\Repositorios Github\Deep Learning\DeepNeuralNetworkUSS-1\Projects\Supermarket\data\train\Packages_Milk_Arla-Medium-Fat-Milk\Arla-Medium-Fat-Milk_016.jpg","not_apple","train"
"C:\USS\Repositorios Github\Deep Learning\DeepNeuralNetworkUSS-1\Projects\Supermarket\data\train\Packages_Milk_Arla-Medium-Fat-Milk\Arla-Medium-Fat-Milk_017.jpg","not_apple","train"
"C:\USS\Repositorios Github\Deep Learning\DeepNeuralNetworkUSS-1\Projects\Supermarket\data\train\Packages_Milk_Arla-Medium-Fat-Milk\Arla-Medium-Fat-Milk_018.jpg","not_apple","train"
"C:\USS\Repositorios Github\Deep Learning\DeepNeuralNetworkUSS-1\Projects\Supermarket\data\train\Packages_Milk_Arla-Medium-Fat-Milk\Arla-Medium-Fat-Milk_019.jpg","not_apple","train"
"C:\USS\Repositorios Github\Deep Learning\DeepNeuralNetworkUSS-1\Projects\Supermarket\data\train\Packages_Milk_Arla-Medium-Fat-Milk\Arla-Medium-Fat-Milk_020.jpg","not_apple","train"
"C:\USS\Repositorios Github\Deep Learning\DeepNeuralNetworkUSS-1\Projects\Supermarket\data\train\Packages_Milk_Arla-Medium-Fat-Milk\Arla-Medium-Fat-Milk_021.jpg","not_apple","train"
"C:\USS\Repositorios Github\Deep Learning\DeepNeuralNetworkUSS-1\Projects\Supermarket\data\train\Packages_Milk_Arla-Medium-Fat-Milk\Arla-Medium-Fat-Milk_022.jpg","not_apple","train"
"C:\USS\Repositorios Github\Deep Learning\DeepNeuralNetworkUSS-1\Projects\Supermarket\data\train\Packages_Milk_Arla-Medium-Fat-Milk\Arla-Medium-Fat-Milk_023.jpg","not_apple","train"
"C:\USS\Repositorios Github\Deep Learning\DeepNeuralNetworkUSS-1\Projects\Supermarket\data\train\Packages_Milk_Arla-Medium-Fat-Milk\Arla-Medium-Fat-Milk_024.jpg","not_apple","train"
"C:\USS\Repositorios Github\Deep Learning\DeepNeuralNetworkUSS-1\Projects\Supermarket\data\train\Packages_Milk_Arla-Medium-Fat-Milk\Arla-Medium-Fat-Milk_025.jpg","not_apple","train"
"C:\USS\Repositorios Github\Deep Learning\DeepNeuralNetworkUSS-1\Projects\Supermarket\data\train\Packages_Milk_Arla-Medium-Fat-Milk\Arla-Medium-Fat-Milk_026.jpg","not_apple","train"
"C:\USS\Repositorios Github\Deep Learning\DeepNeuralNetworkUSS-1\Projects\Supermarket\data\train\Packages_Milk_Arla-Medium-Fat-Milk\Arla-Medium-Fat-Milk_027.jpg","not_apple","train"
"C:\USS\Repositorios Github\Deep Learning\DeepNeuralNetworkUSS-1\Projects\Supermarket\data\train\Packages_Milk_Arla-Medium-Fat-Milk\Arla-Medium-Fat-Milk_028.jpg","not_apple","train"
"C:\USS\Repositorios Github\Deep Learning\DeepNeuralNetworkUSS-1\Projects\Supermarket\data\train\Packages_Milk_Arla-Medium-Fat-Milk\Arla-Medium-Fat-Milk_029.jpg","not_apple","train"
"C:\USS\Repositorios Github\Deep Learning\DeepNeuralNetworkUSS-1\Projects\Supermarket\data\train\Packages_Milk_Arla-Medium-Fat-Milk\Arla-Medium-Fat-Milk_030.jpg","not_apple","train"
"C:\USS\Repositorios Github\Deep Learning\DeepNeuralNetworkUSS-1\Projects\Supermarket\data\train\Packages_Milk_Arla-Medium-Fat-Milk\Arla-Medium-Fat-Milk_031.jpg","not_apple","train"
"C:\USS\Repositorios Github\Deep Learning\DeepNeuralNetworkUSS-1\Projects\Supermarket\data\train\Packages_Milk_Arla-Medium-Fat-Milk\Arla-Medium-Fat-Milk_032.jpg","not_apple","train"
"C:\USS\Repositorios Github\Deep Learning\DeepNeuralNetworkUSS-1\Projects\Supermarket\data\train\Packages_Milk_Arla-Medium-Fat-Milk\Arla-Medium-Fat-Milk_033.jpg","not_apple","train"
"C:\USS\Repositorios Github\Deep Learning\DeepNeuralNetworkUSS-1\Projects\Supermarket\data\train\Packages_Milk_Arla-Medium-Fat-Milk\Arla-Medium-Fat-Milk_034.jpg","not_apple","train"
"C:\USS\Repositorios Github\Deep Learning\DeepNeuralNetworkUSS-1\Projects\Supermarket\data\train\Packages_Milk_Arla-Standard-Milk\Arla-Standard-Milk_001.jpg","not_apple","train"
"C:\USS\Repositorios Github\Deep Learning\DeepNeuralNetworkUSS-1\Projects\Supermarket\data\train\Packages_Milk_Arla-Standard-Milk\Arla-Standard-Milk_002.jpg","not_apple","train"
"C:\USS\Repositorios Github\Deep Learning\DeepNeuralNetworkUSS-1\Projects\Supermarket\data\train\Packages_Milk_Arla-Standard-Milk\Arla-Standard-Milk_003.jpg","not_apple","train"
"C:\USS\Repositorios Github\Deep Learning\DeepNeuralNetworkUSS-1\Projects\Supermarket\data\train\Packages_Milk_Arla-Standard-Milk\Arla-Standard-Milk_004.jpg","not_apple","train"
"C:\USS\Repositorios Github\Deep Learning\DeepNeuralNetworkUSS-1\Projects\Supermarket\data\train\Packages_Milk_Arla-Standard-Milk\Arla-Standard-Milk_005.jpg","not_apple","train"
"C:\USS\Repositorios Github\Deep Learning\DeepNeuralNetworkUSS-1\Projects\Supermarket\data\train\Packages_Milk_Arla-Standard-Milk\Arla-Standard-Milk_006.jpg","not_apple","train"
"C:\USS\Repositorios Github\Deep Learning\DeepNeuralNetworkUSS-1\Projects\Supermarket\data\train\Packages_Milk_Arla-Standard-Milk\Arla-Standard-Milk_007.jpg","not_apple","train"
"C:\USS\Repositorios Github\Deep Learning\DeepNeuralNetworkUSS-1\Projects\Supermarket\data\train\Packages_Milk_Arla-Standard-Milk\Arla-Standard-Milk_008.jpg","not_apple","train"
"C:\USS\Repositorios Github\Deep Learning\DeepNeuralNetworkUSS-1\Projects\Supermarket\data\train\Packages_Milk_Arla-Standard-Milk\Arla-Standard-Milk_009.jpg","not_apple","train"
"C:\USS\Repositorios Github\Deep Learning\DeepNeuralNetworkUSS-1\Projects\Supermarket\data\train\Packages_Milk_Arla-Standard-Milk\Arla-Standard-Milk_010.jpg","not_apple","train"
"C:\USS\Repositorios Github\Deep Learning\DeepNeuralNetworkUSS-1\Projects\Supermarket\data\train\Packages_Milk_Arla-Standard-Milk\Arla-Standard-Milk_011.jpg","not_apple","train"
"C:\USS\Repositorios Github\Deep Learning\DeepNeuralNetworkUSS-1\Projects\Supermarket\data\train\Packages_Milk_Arla-Standard-Milk\Arla-Standard-Milk_012.jpg","not_apple","train"
"C:\USS\Repositorios Github\Deep Learning\DeepNeuralNetworkUSS-1\Projects\Supermarket\data\train\Packages_Milk_Arla-Standard-Milk\Arla-Standard-Milk_013.jpg","not_apple","train"
"C:\USS\Repositorios Github\Deep Learning\DeepNeuralNetworkUSS-1\Projects\Supermarket\data\train\Packages_Milk_Arla-Standard-Milk\Arla-Standard-Milk_014.jpg","not_apple","train"
"C:\USS\Repositorios Github\Deep Learning\DeepNeuralNetworkUSS-1\Projects\Supermarket\data\train\Packages_Milk_Arla-Standard-Milk\Arla-Standard-Milk_015.jpg","not_apple","train"
"C:\USS\Repositorios Github\Deep Learning\DeepNeuralNetworkUSS-1\Projects\Supermarket\data\train\Packages_Milk_Arla-Standard-Milk\Arla-Standard-Milk_016.jpg","not_apple","train"
"C:\USS\Repositorios Github\Deep Learning\DeepNeuralNetworkUSS-1\Projects\Supermarket\data\train\Packages_Milk_Arla-Standard-Milk\Arla-Standard-Milk_017.jpg","not_apple","train"
"C:\USS\Repositorios Github\Deep Learning\DeepNeuralNetworkUSS-1\Projects\Supermarket\data\train\Packages_Milk_Arla-Standard-Milk\Arla-Standard-Milk_018.jpg","not_apple","train"
"C:\USS\Repositorios Github\Deep Learning\DeepNeuralNetworkUSS-1\Projects\Supermarket\data\train\Packages_Milk_Arla-Standard-Milk\Arla-Standard-Milk_019.jpg","not_apple","train"
"C:\USS\Repositorios Github\Deep Learning\DeepNeuralNetworkUSS-1\Projects\Supermarket\data\train\Packages_Milk_Arla-Standard-Milk\Arla-Standard-Milk_020.jpg","not_apple","train"
"C:\USS\Repositorios Github\Deep Learning\DeepNeuralNetworkUSS-1\Projects\Supermarket\data\train\Packages_Milk_Arla-Standard-Milk\Arla-Standard-Milk_021.jpg","not_apple","train"
"C:\USS\Repositorios Github\Deep Learning\DeepNeuralNetworkUSS-1\Projects\Supermarket\data\train\Packages_Milk_Arla-Standard-Milk\Arla-Standard-Milk_022.jpg","not_apple","train"
"C:\USS\Repositorios Github\Deep Learning\DeepNeuralNetworkUSS-1\Projects\Supermarket\data\train\Packages_Milk_Arla-Standard-Milk\Arla-Standard-Milk_023.jpg","not_apple","train"
"C:\USS\Repositorios Github\Deep Learning\DeepNeuralNetworkUSS-1\Projects\Supermarket\data\train\Packages_Milk_Arla-Standard-Milk\Arla-Standard-Milk_024.jpg","not_apple","train"
"C:\USS\Repositorios Github\Deep Learning\DeepNeuralNetworkUSS-1\Projects\Supermarket\data\train\Packages_Milk_Arla-Standard-Milk\Arla-Standard-Milk_025.jpg","not_apple","train"
"C:\USS\Repositorios Github\Deep Learning\DeepNeuralNetworkUSS-1\Projects\Supermarket\data\train\Packages_Milk_Arla-Standard-Milk\Arla-Standard-Milk_026.jpg","not_apple","train"
"C:\USS\Repositorios Github\Deep Learning\DeepNeuralNetworkUSS-1\Projects\Supermarket\data\train\Packages_Milk_Arla-Standard-Milk\Arla-Standard-Milk_027.jpg","not_apple","train"
"C:\USS\Repositorios Github\Deep Learning\DeepNeuralNetworkUSS-1\Projects\Supermarket\data\train\Packages_Milk_Arla-Standard-Milk\Arla-Standard-Milk_028.jpg","not_apple","train"
"C:\USS\Repositorios Github\Deep Learning\DeepNeuralNetworkUSS-1\Projects\Supermarket\data\train\Packages_Milk_Arla-Standard-Milk\Arla-Standard-Milk_029.jpg","not_apple","train"
"C:\USS\Repositorios Github\Deep Learning\DeepNeuralNetworkUSS-1\Projects\Supermarket\data\train\Packages_Milk_Arla-Standard-Milk\Arla-Standard-Milk_030.jpg","not_apple","train"
"C:\USS\Repositorios Github\Deep Learning\DeepNeuralNetworkUSS-1\Projects\Supermarket\data\train\Packages_Milk_Garant-Ecological-Medium-Fat-Milk\Garant-Ecological-Medium-Fat-Milk_001.jpg","not_apple","train"
"C:\USS\Repositorios Github\Deep Learning\DeepNeuralNetworkUSS-1\Projects\Supermarket\data\train\Packages_Milk_Garant-Ecological-Medium-Fat-Milk\Garant-Ecological-Medium-Fat-Milk_002.jpg","not_apple","train"
"C:\USS\Repositorios Github\Deep Learning\DeepNeuralNetworkUSS-1\Projects\Supermarket\data\train\Packages_Milk_Garant-Ecological-Medium-Fat-Milk\Garant-Ecological-Medium-Fat-Milk_003.jpg","not_apple","train"
"C:\USS\Repositorios Github\Deep Learning\DeepNeuralNetworkUSS-1\Projects\Supermarket\data\train\Packages_Milk_Garant-Ecological-Medium-Fat-Milk\Garant-Ecological-Medium-Fat-Milk_004.jpg","not_apple","train"
"C:\USS\Repositorios Github\Deep Learning\DeepNeuralNetworkUSS-1\Projects\Supermarket\data\train\Packages_Milk_Garant-Ecological-Medium-Fat-Milk\Garant-Ecological-Medium-Fat-Milk_005.jpg","not_apple","train"
"C:\USS\Repositorios Github\Deep Learning\DeepNeuralNetworkUSS-1\Projects\Supermarket\data\train\Packages_Milk_Garant-Ecological-Medium-Fat-Milk\Garant-Ecological-Medium-Fat-Milk_006.jpg","not_apple","train"
"C:\USS\Repositorios Github\Deep Learning\DeepNeuralNetworkUSS-1\Projects\Supermarket\data\train\Packages_Milk_Garant-Ecological-Medium-Fat-Milk\Garant-Ecological-Medium-Fat-Milk_007.jpg","not_apple","train"
"C:\USS\Repositorios Github\Deep Learning\DeepNeuralNetworkUSS-1\Projects\Supermarket\data\train\Packages_Milk_Garant-Ecological-Medium-Fat-Milk\Garant-Ecological-Medium-Fat-Milk_008.jpg","not_apple","train"
"C:\USS\Repositorios Github\Deep Learning\DeepNeuralNetworkUSS-1\Projects\Supermarket\data\train\Packages_Milk_Garant-Ecological-Medium-Fat-Milk\Garant-Ecological-Medium-Fat-Milk_009.jpg","not_apple","train"
"C:\USS\Repositorios Github\Deep Learning\DeepNeuralNetworkUSS-1\Projects\Supermarket\data\train\Packages_Milk_Garant-Ecological-Medium-Fat-Milk\Garant-Ecological-Medium-Fat-Milk_010.jpg","not_apple","train"
"C:\USS\Repositorios Github\Deep Learning\DeepNeuralNetworkUSS-1\Projects\Supermarket\data\train\Packages_Milk_Garant-Ecological-Medium-Fat-Milk\Garant-Ecological-Medium-Fat-Milk_011.jpg","not_apple","train"
"C:\USS\Repositorios Github\Deep Learning\DeepNeuralNetworkUSS-1\Projects\Supermarket\data\train\Packages_Milk_Garant-Ecological-Medium-Fat-Milk\Garant-Ecological-Medium-Fat-Milk_012.jpg","not_apple","train"
"C:\USS\Repositorios Github\Deep Learning\DeepNeuralNetworkUSS-1\Projects\Supermarket\data\train\Packages_Milk_Garant-Ecological-Medium-Fat-Milk\Garant-Ecological-Medium-Fat-Milk_013.jpg","not_apple","train"
"C:\USS\Repositorios Github\Deep Learning\DeepNeuralNetworkUSS-1\Projects\Supermarket\data\train\Packages_Milk_Garant-Ecological-Medium-Fat-Milk\Garant-Ecological-Medium-Fat-Milk_014.jpg","not_apple","train"
"C:\USS\Repositorios Github\Deep Learning\DeepNeuralNetworkUSS-1\Projects\Supermarket\data\train\Packages_Milk_Garant-Ecological-Medium-Fat-Milk\Garant-Ecological-Medium-Fat-Milk_015.jpg","not_apple","train"
"C:\USS\Repositorios Github\Deep Learning\DeepNeuralNetworkUSS-1\Projects\Supermarket\data\train\Packages_Milk_Garant-Ecological-Medium-Fat-Milk\Garant-Ecological-Medium-Fat-Milk_016.jpg","not_apple","train"
"C:\USS\Repositorios Github\Deep Learning\DeepNeuralNetworkUSS-1\Projects\Supermarket\data\train\Packages_Milk_Garant-Ecological-Medium-Fat-Milk\Garant-Ecological-Medium-Fat-Milk_017.jpg","not_apple","train"
"C:\USS\Repositorios Github\Deep Learning\DeepNeuralNetworkUSS-1\Projects\Supermarket\data\train\Packages_Milk_Garant-Ecological-Medium-Fat-Milk\Garant-Ecological-Medium-Fat-Milk_018.jpg","not_apple","train"
"C:\USS\Repositorios Github\Deep Learning\DeepNeuralNetworkUSS-1\Projects\Supermarket\data\train\Packages_Milk_Garant-Ecological-Medium-Fat-Milk\Garant-Ecological-Medium-Fat-Milk_019.jpg","not_apple","train"
"C:\USS\Repositorios Github\Deep Learning\DeepNeuralNetworkUSS-1\Projects\Supermarket\data\train\Packages_Milk_Garant-Ecological-Medium-Fat-Milk\Garant-Ecological-Medium-Fat-Milk_020.jpg","not_apple","train"
"C:\USS\Repositorios Github\Deep Learning\DeepNeuralNetworkUSS-1\Projects\Supermarket\data\train\Packages_Milk_Garant-Ecological-Medium-Fat-Milk\Garant-Ecological-Medium-Fat-Milk_021.jpg","not_apple","train"
"C:\USS\Repositorios Github\Deep Learning\DeepNeuralNetworkUSS-1\Projects\Supermarket\data\train\Packages_Milk_Garant-Ecological-Medium-Fat-Milk\Garant-Ecological-Medium-Fat-Milk_022.jpg","not_apple","train"
"C:\USS\Repositorios Github\Deep Learning\DeepNeuralNetworkUSS-1\Projects\Supermarket\data\train\Packages_Milk_Garant-Ecological-Medium-Fat-Milk\Garant-Ecological-Medium-Fat-Milk_023.jpg","not_apple","train"
"C:\USS\Repositorios Github\Deep Learning\DeepNeuralNetworkUSS-1\Projects\Supermarket\data\train\Packages_Milk_Garant-Ecological-Medium-Fat-Milk\Garant-Ecological-Medium-Fat-Milk_024.jpg","not_apple","train"
"C:\USS\Repositorios Github\Deep Learning\DeepNeuralNetworkUSS-1\Projects\Supermarket\data\train\Packages_Milk_Garant-Ecological-Medium-Fat-Milk\Garant-Ecological-Medium-Fat-Milk_025.jpg","not_apple","train"
"C:\USS\Repositorios Github\Deep Learning\DeepNeuralNetworkUSS-1\Projects\Supermarket\data\train\Packages_Milk_Garant-Ecological-Medium-Fat-Milk\Garant-Ecological-Medium-Fat-Milk_026.jpg","not_apple","train"
"C:\USS\Repositorios Github\Deep Learning\DeepNeuralNetworkUSS-1\Projects\Supermarket\data\train\Packages_Milk_Garant-Ecological-Medium-Fat-Milk\Garant-Ecological-Medium-Fat-Milk_027.jpg","not_apple","train"
"C:\USS\Repositorios Github\Deep Learning\DeepNeuralNetworkUSS-1\Projects\Supermarket\data\train\Packages_Milk_Garant-Ecological-Medium-Fat-Milk\Garant-Ecological-Medium-Fat-Milk_028.jpg","not_apple","train"
"C:\USS\Repositorios Github\Deep Learning\DeepNeuralNetworkUSS-1\Projects\Supermarket\data\train\Packages_Milk_Garant-Ecological-Medium-Fat-Milk\Garant-Ecological-Medium-Fat-Milk_029.jpg","not_apple","train"
"C:\USS\Repositorios Github\Deep Learning\DeepNeuralNetworkUSS-1\Projects\Supermarket\data\train\Packages_Milk_Garant-Ecological-Medium-Fat-Milk\Garant-Ecological-Medium-Fat-Milk_030.jpg","not_apple","train"
"C:\USS\Repositorios Github\Deep Learning\DeepNeuralNetworkUSS-1\Projects\Supermarket\data\train\Packages_Milk_Garant-Ecological-Medium-Fat-Milk\Garant-Ecological-Medium-Fat-Milk_031.jpg","not_apple","train"
"C:\USS\Repositorios Github\Deep Learning\DeepNeuralNetworkUSS-1\Projects\Supermarket\data\train\Packages_Milk_Garant-Ecological-Medium-Fat-Milk\Garant-Ecological-Medium-Fat-Milk_032.jpg","not_apple","train"
"C:\USS\Repositorios Github\Deep Learning\DeepNeuralNetworkUSS-1\Projects\Supermarket\data\train\Packages_Milk_Garant-Ecological-Medium-Fat-Milk\Garant-Ecological-Medium-Fat-Milk_033.jpg","not_apple","train"
"C:\USS\Repositorios Github\Deep Learning\DeepNeuralNetworkUSS-1\Projects\Supermarket\data\train\Packages_Milk_Garant-Ecological-Medium-Fat-Milk\Garant-Ecological-Medium-Fat-Milk_034.jpg","not_apple","train"
"C:\USS\Repositorios Github\Deep Learning\DeepNeuralNetworkUSS-1\Projects\Supermarket\data\train\Packages_Milk_Garant-Ecological-Medium-Fat-Milk\Garant-Ecological-Medium-Fat-Milk_035.jpg","not_apple","train"
"C:\USS\Repositorios Github\Deep Learning\DeepNeuralNetworkUSS-1\Projects\Supermarket\data\train\Packages_Milk_Garant-Ecological-Standard-Milk\Garant-Ecological-Standard-Milk_001.jpg","not_apple","train"
"C:\USS\Repositorios Github\Deep Learning\DeepNeuralNetworkUSS-1\Projects\Supermarket\data\train\Packages_Milk_Garant-Ecological-Standard-Milk\Garant-Ecological-Standard-Milk_002.jpg","not_apple","train"
"C:\USS\Repositorios Github\Deep Learning\DeepNeuralNetworkUSS-1\Projects\Supermarket\data\train\Packages_Milk_Garant-Ecological-Standard-Milk\Garant-Ecological-Standard-Milk_003.jpg","not_apple","train"
"C:\USS\Repositorios Github\Deep Learning\DeepNeuralNetworkUSS-1\Projects\Supermarket\data\train\Packages_Milk_Garant-Ecological-Standard-Milk\Garant-Ecological-Standard-Milk_004.jpg","not_apple","train"
"C:\USS\Repositorios Github\Deep Learning\DeepNeuralNetworkUSS-1\Projects\Supermarket\data\train\Packages_Milk_Garant-Ecological-Standard-Milk\Garant-Ecological-Standard-Milk_005.jpg","not_apple","train"
"C:\USS\Repositorios Github\Deep Learning\DeepNeuralNetworkUSS-1\Projects\Supermarket\data\train\Packages_Milk_Garant-Ecological-Standard-Milk\Garant-Ecological-Standard-Milk_006.jpg","not_apple","train"
"C:\USS\Repositorios Github\Deep Learning\DeepNeuralNetworkUSS-1\Projects\Supermarket\data\train\Packages_Milk_Garant-Ecological-Standard-Milk\Garant-Ecological-Standard-Milk_007.jpg","not_apple","train"
"C:\USS\Repositorios Github\Deep Learning\DeepNeuralNetworkUSS-1\Projects\Supermarket\data\train\Packages_Milk_Garant-Ecological-Standard-Milk\Garant-Ecological-Standard-Milk_008.jpg","not_apple","train"
"C:\USS\Repositorios Github\Deep Learning\DeepNeuralNetworkUSS-1\Projects\Supermarket\data\train\Packages_Milk_Garant-Ecological-Standard-Milk\Garant-Ecological-Standard-Milk_009.jpg","not_apple","train"
"C:\USS\Repositorios Github\Deep Learning\DeepNeuralNetworkUSS-1\Projects\Supermarket\data\train\Packages_Milk_Garant-Ecological-Standard-Milk\Garant-Ecological-Standard-Milk_010.jpg","not_apple","train"
"C:\USS\Repositorios Github\Deep Learning\DeepNeuralNetworkUSS-1\Projects\Supermarket\data\train\Packages_Milk_Garant-Ecological-Standard-Milk\Garant-Ecological-Standard-Milk_011.jpg","not_apple","train"
"C:\USS\Repositorios Github\Deep Learning\DeepNeuralNetworkUSS-1\Projects\Supermarket\data\train\Packages_Milk_Garant-Ecological-Standard-Milk\Garant-Ecological-Standard-Milk_012.jpg","not_apple","train"
"C:\USS\Repositorios Github\Deep Learning\DeepNeuralNetworkUSS-1\Projects\Supermarket\data\train\Packages_Milk_Garant-Ecological-Standard-Milk\Garant-Ecological-Standard-Milk_013.jpg","not_apple","train"
"C:\USS\Repositorios Github\Deep Learning\DeepNeuralNetworkUSS-1\Projects\Supermarket\data\train\Packages_Milk_Garant-Ecological-Standard-Milk\Garant-Ecological-Standard-Milk_014.jpg","not_apple","train"
"C:\USS\Repositorios Github\Deep Learning\DeepNeuralNetworkUSS-1\Projects\Supermarket\data\train\Packages_Milk_Garant-Ecological-Standard-Milk\Garant-Ecological-Standard-Milk_015.jpg","not_apple","train"
"C:\USS\Repositorios Github\Deep Learning\DeepNeuralNetworkUSS-1\Projects\Supermarket\data\train\Packages_Milk_Garant-Ecological-Standard-Milk\Garant-Ecological-Standard-Milk_016.jpg","not_apple","train"
"C:\USS\Repositorios Github\Deep Learning\DeepNeuralNetworkUSS-1\Projects\Supermarket\data\train\Packages_Milk_Garant-Ecological-Standard-Milk\Garant-Ecological-Standard-Milk_017.jpg","not_apple","train"
"C:\USS\Repositorios Github\Deep Learning\DeepNeuralNetworkUSS-1\Projects\Supermarket\data\train\Packages_Milk_Garant-Ecological-Standard-Milk\Garant-Ecological-Standard-Milk_018.jpg","not_apple","train"
"C:\USS\Repositorios Github\Deep Learning\DeepNeuralNetworkUSS-1\Projects\Supermarket\data\train\Packages_Milk_Garant-Ecological-Standard-Milk\Garant-Ecological-Standard-Milk_019.jpg","not_apple","train"
"C:\USS\Repositorios Github\Deep Learning\DeepNeuralNetworkUSS-1\Projects\Supermarket\data\train\Packages_Milk_Garant-Ecological-Standard-Milk\Garant-Ecological-Standard-Milk_020.jpg","not_apple","train"
"C:\USS\Repositorios Github\Deep Learning\DeepNeuralNetworkUSS-1\Projects\Supermarket\data\train\Packages_Milk_Garant-Ecological-Standard-Milk\Garant-Ecological-Standard-Milk_021.jpg","not_apple","train"
"C:\USS\Repositorios Github\Deep Learning\DeepNeuralNetworkUSS-1\Projects\Supermarket\data\train\Packages_Milk_Garant-Ecological-Standard-Milk\Garant-Ecological-Standard-Milk_022.jpg","not_apple","train"
"C:\USS\Repositorios Github\Deep Learning\DeepNeuralNetworkUSS-1\Projects\Supermarket\data\train\Packages_Milk_Garant-Ecological-Standard-Milk\Garant-Ecological-Standard-Milk_023.jpg","not_apple","train"
"C:\USS\Repositorios Github\Deep Learning\DeepNeuralNetworkUSS-1\Projects\Supermarket\data\train\Packages_Milk_Garant-Ecological-Standard-Milk\Garant-Ecological-Standard-Milk_024.jpg","not_apple","train"
"C:\USS\Repositorios Github\Deep Learning\DeepNeuralNetworkUSS-1\Projects\Supermarket\data\train\Packages_Milk_Garant-Ecological-Standard-Milk\Garant-Ecological-Standard-Milk_025.jpg","not_apple","train"
"C:\USS\Repositorios Github\Deep Learning\DeepNeuralNetworkUSS-1\Projects\Supermarket\data\train\Packages_Milk_Garant-Ecological-Standard-Milk\Garant-Ecological-Standard-Milk_026.jpg","not_apple","train"
"C:\USS\Repositorios Github\Deep Learning\DeepNeuralNetworkUSS-1\Projects\Supermarket\data\train\Packages_Milk_Garant-Ecological-Standard-Milk\Garant-Ecological-Standard-Milk_027.jpg","not_apple","train"
"C:\USS\Repositorios Github\Deep Learning\DeepNeuralNetworkUSS-1\Projects\Supermarket\data\train\Packages_Milk_Garant-Ecological-Standard-Milk\Garant-Ecological-Standard-Milk_028.jpg","not_apple","train"
"C:\USS\Repositorios Github\Deep Learning\DeepNeuralNetworkUSS-1\Projects\Supermarket\data\train\Packages_Oat-Milk_Oatly-Oat-Milk\Oatly-Oat-Milk_001.jpg","not_apple","train"
"C:\USS\Repositorios Github\Deep Learning\DeepNeuralNetworkUSS-1\Projects\Supermarket\data\train\Packages_Oat-Milk_Oatly-Oat-Milk\Oatly-Oat-Milk_002.jpg","not_apple","train"
"C:\USS\Repositorios Github\Deep Learning\DeepNeuralNetworkUSS-1\Projects\Supermarket\data\train\Packages_Oat-Milk_Oatly-Oat-Milk\Oatly-Oat-Milk_003.jpg","not_apple","train"
"C:\USS\Repositorios Github\Deep Learning\DeepNeuralNetworkUSS-1\Projects\Supermarket\data\train\Packages_Oat-Milk_Oatly-Oat-Milk\Oatly-Oat-Milk_004.jpg","not_apple","train"
"C:\USS\Repositorios Github\Deep Learning\DeepNeuralNetworkUSS-1\Projects\Supermarket\data\train\Packages_Oat-Milk_Oatly-Oat-Milk\Oatly-Oat-Milk_005.jpg","not_apple","train"
"C:\USS\Repositorios Github\Deep Learning\DeepNeuralNetworkUSS-1\Projects\Supermarket\data\train\Packages_Oat-Milk_Oatly-Oat-Milk\Oatly-Oat-Milk_006.jpg","not_apple","train"
"C:\USS\Repositorios Github\Deep Learning\DeepNeuralNetworkUSS-1\Projects\Supermarket\data\train\Packages_Oat-Milk_Oatly-Oat-Milk\Oatly-Oat-Milk_007.jpg","not_apple","train"
"C:\USS\Repositorios Github\Deep Learning\DeepNeuralNetworkUSS-1\Projects\Supermarket\data\train\Packages_Oat-Milk_Oatly-Oat-Milk\Oatly-Oat-Milk_008.jpg","not_apple","train"
"C:\USS\Repositorios Github\Deep Learning\DeepNeuralNetworkUSS-1\Projects\Supermarket\data\train\Packages_Oat-Milk_Oatly-Oat-Milk\Oatly-Oat-Milk_009.jpg","not_apple","train"
"C:\USS\Repositorios Github\Deep Learning\DeepNeuralNetworkUSS-1\Projects\Supermarket\data\train\Packages_Oat-Milk_Oatly-Oat-Milk\Oatly-Oat-Milk_010.jpg","not_apple","train"
"C:\USS\Repositorios Github\Deep Learning\DeepNeuralNetworkUSS-1\Projects\Supermarket\data\train\Packages_Oat-Milk_Oatly-Oat-Milk\Oatly-Oat-Milk_011.jpg","not_apple","train"
"C:\USS\Repositorios Github\Deep Learning\DeepNeuralNetworkUSS-1\Projects\Supermarket\data\train\Packages_Oat-Milk_Oatly-Oat-Milk\Oatly-Oat-Milk_012.jpg","not_apple","train"
"C:\USS\Repositorios Github\Deep Learning\DeepNeuralNetworkUSS-1\Projects\Supermarket\data\train\Packages_Oat-Milk_Oatly-Oat-Milk\Oatly-Oat-Milk_013.jpg","not_apple","train"
"C:\USS\Repositorios Github\Deep Learning\DeepNeuralNetworkUSS-1\Projects\Supermarket\data\train\Packages_Oat-Milk_Oatly-Oat-Milk\Oatly-Oat-Milk_014.jpg","not_apple","train"
"C:\USS\Repositorios Github\Deep Learning\DeepNeuralNetworkUSS-1\Projects\Supermarket\data\train\Packages_Oat-Milk_Oatly-Oat-Milk\Oatly-Oat-Milk_015.jpg","not_apple","train"
"C:\USS\Repositorios Github\Deep Learning\DeepNeuralNetworkUSS-1\Projects\Supermarket\data\train\Packages_Oat-Milk_Oatly-Oat-Milk\Oatly-Oat-Milk_016.jpg","not_apple","train"
"C:\USS\Repositorios Github\Deep Learning\DeepNeuralNetworkUSS-1\Projects\Supermarket\data\train\Packages_Oat-Milk_Oatly-Oat-Milk\Oatly-Oat-Milk_017.jpg","not_apple","train"
"C:\USS\Repositorios Github\Deep Learning\DeepNeuralNetworkUSS-1\Projects\Supermarket\data\train\Packages_Oat-Milk_Oatly-Oat-Milk\Oatly-Oat-Milk_018.jpg","not_apple","train"
"C:\USS\Repositorios Github\Deep Learning\DeepNeuralNetworkUSS-1\Projects\Supermarket\data\train\Packages_Oat-Milk_Oatly-Oat-Milk\Oatly-Oat-Milk_019.jpg","not_apple","train"
"C:\USS\Repositorios Github\Deep Learning\DeepNeuralNetworkUSS-1\Projects\Supermarket\data\train\Packages_Oat-Milk_Oatly-Oat-Milk\Oatly-Oat-Milk_020.jpg","not_apple","train"
"C:\USS\Repositorios Github\Deep Learning\DeepNeuralNetworkUSS-1\Projects\Supermarket\data\train\Packages_Oat-Milk_Oatly-Oat-Milk\Oatly-Oat-Milk_021.jpg","not_apple","train"
"C:\USS\Repositorios Github\Deep Learning\DeepNeuralNetworkUSS-1\Projects\Supermarket\data\train\Packages_Oat-Milk_Oatly-Oat-Milk\Oatly-Oat-Milk_022.jpg","not_apple","train"
"C:\USS\Repositorios Github\Deep Learning\DeepNeuralNetworkUSS-1\Projects\Supermarket\data\train\Packages_Oat-Milk_Oatly-Oat-Milk\Oatly-Oat-Milk_023.jpg","not_apple","train"
"C:\USS\Repositorios Github\Deep Learning\DeepNeuralNetworkUSS-1\Projects\Supermarket\data\train\Packages_Oat-Milk_Oatly-Oat-Milk\Oatly-Oat-Milk_024.jpg","not_apple","train"
"C:\USS\Repositorios Github\Deep Learning\DeepNeuralNetworkUSS-1\Projects\Supermarket\data\train\Packages_Oat-Milk_Oatly-Oat-Milk\Oatly-Oat-Milk_025.jpg","not_apple","train"
"C:\USS\Repositorios Github\Deep Learning\DeepNeuralNetworkUSS-1\Projects\Supermarket\data\train\Packages_Oat-Milk_Oatly-Oat-Milk\Oatly-Oat-Milk_026.jpg","not_apple","train"
"C:\USS\Repositorios Github\Deep Learning\DeepNeuralNetworkUSS-1\Projects\Supermarket\data\train\Packages_Oat-Milk_Oatly-Oat-Milk\Oatly-Oat-Milk_027.jpg","not_apple","train"
"C:\USS\Repositorios Github\Deep Learning\DeepNeuralNetworkUSS-1\Projects\Supermarket\data\train\Packages_Oat-Milk_Oatly-Oat-Milk\Oatly-Oat-Milk_028.jpg","not_apple","train"
"C:\USS\Repositorios Github\Deep Learning\DeepNeuralNetworkUSS-1\Projects\Supermarket\data\train\Packages_Oat-Milk_Oatly-Oat-Milk\Oatly-Oat-Milk_029.jpg","not_apple","train"
"C:\USS\Repositorios Github\Deep Learning\DeepNeuralNetworkUSS-1\Projects\Supermarket\data\train\Packages_Oat-Milk_Oatly-Oat-Milk\Oatly-Oat-Milk_030.jpg","not_apple","train"
"C:\USS\Repositorios Github\Deep Learning\DeepNeuralNetworkUSS-1\Projects\Supermarket\data\train\Packages_Oat-Milk_Oatly-Oat-Milk\Oatly-Oat-Milk_031.jpg","not_apple","train"
"C:\USS\Repositorios Github\Deep Learning\DeepNeuralNetworkUSS-1\Projects\Supermarket\data\train\Packages_Oat-Milk_Oatly-Oat-Milk\Oatly-Oat-Milk_032.jpg","not_apple","train"
"C:\USS\Repositorios Github\Deep Learning\DeepNeuralNetworkUSS-1\Projects\Supermarket\data\train\Packages_Oatghurt_Oatly-Natural-Oatghurt\Oatly-Natural-Oatghurt_001.jpg","not_apple","train"
"C:\USS\Repositorios Github\Deep Learning\DeepNeuralNetworkUSS-1\Projects\Supermarket\data\train\Packages_Oatghurt_Oatly-Natural-Oatghurt\Oatly-Natural-Oatghurt_002.jpg","not_apple","train"
"C:\USS\Repositorios Github\Deep Learning\DeepNeuralNetworkUSS-1\Projects\Supermarket\data\train\Packages_Oatghurt_Oatly-Natural-Oatghurt\Oatly-Natural-Oatghurt_003.jpg","not_apple","train"
"C:\USS\Repositorios Github\Deep Learning\DeepNeuralNetworkUSS-1\Projects\Supermarket\data\train\Packages_Oatghurt_Oatly-Natural-Oatghurt\Oatly-Natural-Oatghurt_004.jpg","not_apple","train"
"C:\USS\Repositorios Github\Deep Learning\DeepNeuralNetworkUSS-1\Projects\Supermarket\data\train\Packages_Oatghurt_Oatly-Natural-Oatghurt\Oatly-Natural-Oatghurt_005.jpg","not_apple","train"
"C:\USS\Repositorios Github\Deep Learning\DeepNeuralNetworkUSS-1\Projects\Supermarket\data\train\Packages_Oatghurt_Oatly-Natural-Oatghurt\Oatly-Natural-Oatghurt_006.jpg","not_apple","train"
"C:\USS\Repositorios Github\Deep Learning\DeepNeuralNetworkUSS-1\Projects\Supermarket\data\train\Packages_Oatghurt_Oatly-Natural-Oatghurt\Oatly-Natural-Oatghurt_007.jpg","not_apple","train"
"C:\USS\Repositorios Github\Deep Learning\DeepNeuralNetworkUSS-1\Projects\Supermarket\data\train\Packages_Oatghurt_Oatly-Natural-Oatghurt\Oatly-Natural-Oatghurt_008.jpg","not_apple","train"
"C:\USS\Repositorios Github\Deep Learning\DeepNeuralNetworkUSS-1\Projects\Supermarket\data\train\Packages_Oatghurt_Oatly-Natural-Oatghurt\Oatly-Natural-Oatghurt_009.jpg","not_apple","train"
"C:\USS\Repositorios Github\Deep Learning\DeepNeuralNetworkUSS-1\Projects\Supermarket\data\train\Packages_Oatghurt_Oatly-Natural-Oatghurt\Oatly-Natural-Oatghurt_010.jpg","not_apple","train"
"C:\USS\Repositorios Github\Deep Learning\DeepNeuralNetworkUSS-1\Projects\Supermarket\data\train\Packages_Oatghurt_Oatly-Natural-Oatghurt\Oatly-Natural-Oatghurt_011.jpg","not_apple","train"
"C:\USS\Repositorios Github\Deep Learning\DeepNeuralNetworkUSS-1\Projects\Supermarket\data\train\Packages_Oatghurt_Oatly-Natural-Oatghurt\Oatly-Natural-Oatghurt_012.jpg","not_apple","train"
"C:\USS\Repositorios Github\Deep Learning\DeepNeuralNetworkUSS-1\Projects\Supermarket\data\train\Packages_Oatghurt_Oatly-Natural-Oatghurt\Oatly-Natural-Oatghurt_013.jpg","not_apple","train"
"C:\USS\Repositorios Github\Deep Learning\DeepNeuralNetworkUSS-1\Projects\Supermarket\data\train\Packages_Oatghurt_Oatly-Natural-Oatghurt\Oatly-Natural-Oatghurt_014.jpg","not_apple","train"
"C:\USS\Repositorios Github\Deep Learning\DeepNeuralNetworkUSS-1\Projects\Supermarket\data\train\Packages_Oatghurt_Oatly-Natural-Oatghurt\Oatly-Natural-Oatghurt_015.jpg","not_apple","train"
"C:\USS\Repositorios Github\Deep Learning\DeepNeuralNetworkUSS-1\Projects\Supermarket\data\train\Packages_Oatghurt_Oatly-Natural-Oatghurt\Oatly-Natural-Oatghurt_016.jpg","not_apple","train"
"C:\USS\Repositorios Github\Deep Learning\DeepNeuralNetworkUSS-1\Projects\Supermarket\data\train\Packages_Oatghurt_Oatly-Natural-Oatghurt\Oatly-Natural-Oatghurt_017.jpg","not_apple","train"
"C:\USS\Repositorios Github\Deep Learning\DeepNeuralNetworkUSS-1\Projects\Supermarket\data\train\Packages_Oatghurt_Oatly-Natural-Oatghurt\Oatly-Natural-Oatghurt_018.jpg","not_apple","train"
"C:\USS\Repositorios Github\Deep Learning\DeepNeuralNetworkUSS-1\Projects\Supermarket\data\train\Packages_Oatghurt_Oatly-Natural-Oatghurt\Oatly-Natural-Oatghurt_019.jpg","not_apple","train"
"C:\USS\Repositorios Github\Deep Learning\DeepNeuralNetworkUSS-1\Projects\Supermarket\data\train\Packages_Oatghurt_Oatly-Natural-Oatghurt\Oatly-Natural-Oatghurt_020.jpg","not_apple","train"
"C:\USS\Repositorios Github\Deep Learning\DeepNeuralNetworkUSS-1\Projects\Supermarket\data\train\Packages_Oatghurt_Oatly-Natural-Oatghurt\Oatly-Natural-Oatghurt_021.jpg","not_apple","train"
"C:\USS\Repositorios Github\Deep Learning\DeepNeuralNetworkUSS-1\Projects\Supermarket\data\train\Packages_Oatghurt_Oatly-Natural-Oatghurt\Oatly-Natural-Oatghurt_022.jpg","not_apple","train"
"C:\USS\Repositorios Github\Deep Learning\DeepNeuralNetworkUSS-1\Projects\Supermarket\data\train\Packages_Oatghurt_Oatly-Natural-Oatghurt\Oatly-Natural-Oatghurt_023.jpg","not_apple","train"
"C:\USS\Repositorios Github\Deep Learning\DeepNeuralNetworkUSS-1\Projects\Supermarket\data\train\Packages_Oatghurt_Oatly-Natural-Oatghurt\Oatly-Natural-Oatghurt_024.jpg","not_apple","train"
"C:\USS\Repositorios Github\Deep Learning\DeepNeuralNetworkUSS-1\Projects\Supermarket\data\train\Packages_Oatghurt_Oatly-Natural-Oatghurt\Oatly-Natural-Oatghurt_025.jpg","not_apple","train"
"C:\USS\Repositorios Github\Deep Learning\DeepNeuralNetworkUSS-1\Projects\Supermarket\data\train\Packages_Oatghurt_Oatly-Natural-Oatghurt\Oatly-Natural-Oatghurt_026.jpg","not_apple","train"
"C:\USS\Repositorios Github\Deep Learning\DeepNeuralNetworkUSS-1\Projects\Supermarket\data\train\Packages_Oatghurt_Oatly-Natural-Oatghurt\Oatly-Natural-Oatghurt_027.jpg","not_apple","train"
"C:\USS\Repositorios Github\Deep Learning\DeepNeuralNetworkUSS-1\Projects\Supermarket\data\train\Packages_Oatghurt_Oatly-Natural-Oatghurt\Oatly-Natural-Oatghurt_028.jpg","not_apple","train"
"C:\USS\Repositorios Github\Deep Learning\DeepNeuralNetworkUSS-1\Projects\Supermarket\data\train\Packages_Oatghurt_Oatly-Natural-Oatghurt\Oatly-Natural-Oatghurt_029.jpg","not_apple","train"
"C:\USS\Repositorios Github\Deep Learning\DeepNeuralNetworkUSS-1\Projects\Supermarket\data\train\Packages_Oatghurt_Oatly-Natural-Oatghurt\Oatly-Natural-Oatghurt_030.jpg","not_apple","train"
"C:\USS\Repositorios Github\Deep Learning\DeepNeuralNetworkUSS-1\Projects\Supermarket\data\train\Packages_Oatghurt_Oatly-Natural-Oatghurt\Oatly-Natural-Oatghurt_031.jpg","not_apple","train"
"C:\USS\Repositorios Github\Deep Learning\DeepNeuralNetworkUSS-1\Projects\Supermarket\data\train\Packages_Oatghurt_Oatly-Natural-Oatghurt\Oatly-Natural-Oatghurt_032.jpg","not_apple","train"
"C:\USS\Repositorios Github\Deep Learning\DeepNeuralNetworkUSS-1\Projects\Supermarket\data\train\Packages_Oatghurt_Oatly-Natural-Oatghurt\Oatly-Natural-Oatghurt_033.jpg","not_apple","train"
"C:\USS\Repositorios Github\Deep Learning\DeepNeuralNetworkUSS-1\Projects\Supermarket\data\train\Packages_Sour-Cream_Arla-Ecological-Sour-Cream\Arla-Ecological-Sour-Cream_002.jpg","not_apple","train"
"C:\USS\Repositorios Github\Deep Learning\DeepNeuralNetworkUSS-1\Projects\Supermarket\data\train\Packages_Sour-Cream_Arla-Ecological-Sour-Cream\Arla-Ecological-Sour-Cream_003.jpg","not_apple","train"
"C:\USS\Repositorios Github\Deep Learning\DeepNeuralNetworkUSS-1\Projects\Supermarket\data\train\Packages_Sour-Cream_Arla-Ecological-Sour-Cream\Arla-Ecological-Sour-Cream_008.jpg","not_apple","train"
"C:\USS\Repositorios Github\Deep Learning\DeepNeuralNetworkUSS-1\Projects\Supermarket\data\train\Packages_Sour-Cream_Arla-Ecological-Sour-Cream\Arla-Ecological-Sour-Cream_009.jpg","not_apple","train"
"C:\USS\Repositorios Github\Deep Learning\DeepNeuralNetworkUSS-1\Projects\Supermarket\data\train\Packages_Sour-Cream_Arla-Ecological-Sour-Cream\Arla-Ecological-Sour-Cream_014.jpg","not_apple","train"
"C:\USS\Repositorios Github\Deep Learning\DeepNeuralNetworkUSS-1\Projects\Supermarket\data\train\Packages_Sour-Cream_Arla-Ecological-Sour-Cream\Arla-Ecological-Sour-Cream_016.jpg","not_apple","train"
"C:\USS\Repositorios Github\Deep Learning\DeepNeuralNetworkUSS-1\Projects\Supermarket\data\train\Packages_Sour-Cream_Arla-Ecological-Sour-Cream\Arla-Ecological-Sour-Cream_017.jpg","not_apple","train"
"C:\USS\Repositorios Github\Deep Learning\DeepNeuralNetworkUSS-1\Projects\Supermarket\data\train\Packages_Sour-Cream_Arla-Ecological-Sour-Cream\Arla-Ecological-Sour-Cream_018.jpg","not_apple","train"
"C:\USS\Repositorios Github\Deep Learning\DeepNeuralNetworkUSS-1\Projects\Supermarket\data\train\Packages_Sour-Cream_Arla-Ecological-Sour-Cream\Arla-Ecological-Sour-Cream_019.jpg","not_apple","train"
"C:\USS\Repositorios Github\Deep Learning\DeepNeuralNetworkUSS-1\Projects\Supermarket\data\train\Packages_Sour-Cream_Arla-Ecological-Sour-Cream\Arla-Ecological-Sour-Cream_020.jpg","not_apple","train"
"C:\USS\Repositorios Github\Deep Learning\DeepNeuralNetworkUSS-1\Projects\Supermarket\data\train\Packages_Sour-Cream_Arla-Ecological-Sour-Cream\Arla-Ecological-Sour-Cream_021.jpg","not_apple","train"
"C:\USS\Repositorios Github\Deep Learning\DeepNeuralNetworkUSS-1\Projects\Supermarket\data\train\Packages_Sour-Cream_Arla-Ecological-Sour-Cream\Arla-Ecological-Sour-Cream_022.jpg","not_apple","train"
"C:\USS\Repositorios Github\Deep Learning\DeepNeuralNetworkUSS-1\Projects\Supermarket\data\train\Packages_Sour-Cream_Arla-Ecological-Sour-Cream\Arla-Ecological-Sour-Cream_023.jpg","not_apple","train"
"C:\USS\Repositorios Github\Deep Learning\DeepNeuralNetworkUSS-1\Projects\Supermarket\data\train\Packages_Sour-Cream_Arla-Ecological-Sour-Cream\Arla-Ecological-Sour-Cream_024.jpg","not_apple","train"
"C:\USS\Repositorios Github\Deep Learning\DeepNeuralNetworkUSS-1\Projects\Supermarket\data\train\Packages_Sour-Cream_Arla-Ecological-Sour-Cream\Arla-Ecological-Sour-Cream_025.jpg","not_apple","train"
"C:\USS\Repositorios Github\Deep Learning\DeepNeuralNetworkUSS-1\Projects\Supermarket\data\train\Packages_Sour-Cream_Arla-Ecological-Sour-Cream\Arla-Ecological-Sour-Cream_026.jpg","not_apple","train"
"C:\USS\Repositorios Github\Deep Learning\DeepNeuralNetworkUSS-1\Projects\Supermarket\data\train\Packages_Sour-Cream_Arla-Ecological-Sour-Cream\Arla-Ecological-Sour-Cream_027.jpg","not_apple","train"
"C:\USS\Repositorios Github\Deep Learning\DeepNeuralNetworkUSS-1\Projects\Supermarket\data\train\Packages_Sour-Cream_Arla-Ecological-Sour-Cream\Arla-Ecological-Sour-Cream_028.jpg","not_apple","train"
"C:\USS\Repositorios Github\Deep Learning\DeepNeuralNetworkUSS-1\Projects\Supermarket\data\train\Packages_Sour-Cream_Arla-Ecological-Sour-Cream\Arla-Ecological-Sour-Cream_029.jpg","not_apple","train"
"C:\USS\Repositorios Github\Deep Learning\DeepNeuralNetworkUSS-1\Projects\Supermarket\data\train\Packages_Sour-Cream_Arla-Sour-Cream\Arla-Sour-Cream_001.jpg","not_apple","train"
"C:\USS\Repositorios Github\Deep Learning\DeepNeuralNetworkUSS-1\Projects\Supermarket\data\train\Packages_Sour-Cream_Arla-Sour-Cream\Arla-Sour-Cream_002.jpg","not_apple","train"
"C:\USS\Repositorios Github\Deep Learning\DeepNeuralNetworkUSS-1\Projects\Supermarket\data\train\Packages_Sour-Cream_Arla-Sour-Cream\Arla-Sour-Cream_003.jpg","not_apple","train"
"C:\USS\Repositorios Github\Deep Learning\DeepNeuralNetworkUSS-1\Projects\Supermarket\data\train\Packages_Sour-Cream_Arla-Sour-Cream\Arla-Sour-Cream_004.jpg","not_apple","train"
"C:\USS\Repositorios Github\Deep Learning\DeepNeuralNetworkUSS-1\Projects\Supermarket\data\train\Packages_Sour-Cream_Arla-Sour-Cream\Arla-Sour-Cream_005.jpg","not_apple","train"
"C:\USS\Repositorios Github\Deep Learning\DeepNeuralNetworkUSS-1\Projects\Supermarket\data\train\Packages_Sour-Cream_Arla-Sour-Cream\Arla-Sour-Cream_006.jpg","not_apple","train"
"C:\USS\Repositorios Github\Deep Learning\DeepNeuralNetworkUSS-1\Projects\Supermarket\data\train\Packages_Sour-Cream_Arla-Sour-Cream\Arla-Sour-Cream_007.jpg","not_apple","train"
"C:\USS\Repositorios Github\Deep Learning\DeepNeuralNetworkUSS-1\Projects\Supermarket\data\train\Packages_Sour-Cream_Arla-Sour-Cream\Arla-Sour-Cream_008.jpg","not_apple","train"
"C:\USS\Repositorios Github\Deep Learning\DeepNeuralNetworkUSS-1\Projects\Supermarket\data\train\Packages_Sour-Cream_Arla-Sour-Cream\Arla-Sour-Cream_009.jpg","not_apple","train"
"C:\USS\Repositorios Github\Deep Learning\DeepNeuralNetworkUSS-1\Projects\Supermarket\data\train\Packages_Sour-Cream_Arla-Sour-Cream\Arla-Sour-Cream_010.jpg","not_apple","train"
"C:\USS\Repositorios Github\Deep Learning\DeepNeuralNetworkUSS-1\Projects\Supermarket\data\train\Packages_Sour-Cream_Arla-Sour-Cream\Arla-Sour-Cream_011.jpg","not_apple","train"
"C:\USS\Repositorios Github\Deep Learning\DeepNeuralNetworkUSS-1\Projects\Supermarket\data\train\Packages_Sour-Cream_Arla-Sour-Cream\Arla-Sour-Cream_012.jpg","not_apple","train"
"C:\USS\Repositorios Github\Deep Learning\DeepNeuralNetworkUSS-1\Projects\Supermarket\data\train\Packages_Sour-Cream_Arla-Sour-Cream\Arla-Sour-Cream_013.jpg","not_apple","train"
"C:\USS\Repositorios Github\Deep Learning\DeepNeuralNetworkUSS-1\Projects\Supermarket\data\train\Packages_Sour-Cream_Arla-Sour-Cream\Arla-Sour-Cream_014.jpg","not_apple","train"
"C:\USS\Repositorios Github\Deep Learning\DeepNeuralNetworkUSS-1\Projects\Supermarket\data\train\Packages_Sour-Cream_Arla-Sour-Cream\Arla-Sour-Cream_015.jpg","not_apple","train"
"C:\USS\Repositorios Github\Deep Learning\DeepNeuralNetworkUSS-1\Projects\Supermarket\data\train\Packages_Sour-Cream_Arla-Sour-Cream\Arla-Sour-Cream_016.jpg","not_apple","train"
"C:\USS\Repositorios Github\Deep Learning\DeepNeuralNetworkUSS-1\Projects\Supermarket\data\train\Packages_Sour-Cream_Arla-Sour-Cream\Arla-Sour-Cream_017.jpg","not_apple","train"
"C:\USS\Repositorios Github\Deep Learning\DeepNeuralNetworkUSS-1\Projects\Supermarket\data\train\Packages_Sour-Cream_Arla-Sour-Cream\Arla-Sour-Cream_018.jpg","not_apple","train"
"C:\USS\Repositorios Github\Deep Learning\DeepNeuralNetworkUSS-1\Projects\Supermarket\data\train\Packages_Sour-Cream_Arla-Sour-Cream\Arla-Sour-Cream_019.jpg","not_apple","train"
"C:\USS\Repositorios Github\Deep Learning\DeepNeuralNetworkUSS-1\Projects\Supermarket\data\train\Packages_Sour-Milk_Arla-Sour-Milk\Arla-Sour-Milk_001.jpg","not_apple","train"
"C:\USS\Repositorios Github\Deep Learning\DeepNeuralNetworkUSS-1\Projects\Supermarket\data\train\Packages_Sour-Milk_Arla-Sour-Milk\Arla-Sour-Milk_002.jpg","not_apple","train"
"C:\USS\Repositorios Github\Deep Learning\DeepNeuralNetworkUSS-1\Projects\Supermarket\data\train\Packages_Sour-Milk_Arla-Sour-Milk\Arla-Sour-Milk_003.jpg","not_apple","train"
"C:\USS\Repositorios Github\Deep Learning\DeepNeuralNetworkUSS-1\Projects\Supermarket\data\train\Packages_Sour-Milk_Arla-Sour-Milk\Arla-Sour-Milk_008.jpg","not_apple","train"
"C:\USS\Repositorios Github\Deep Learning\DeepNeuralNetworkUSS-1\Projects\Supermarket\data\train\Packages_Sour-Milk_Arla-Sour-Milk\Arla-Sour-Milk_009.jpg","not_apple","train"
"C:\USS\Repositorios Github\Deep Learning\DeepNeuralNetworkUSS-1\Projects\Supermarket\data\train\Packages_Sour-Milk_Arla-Sour-Milk\Arla-Sour-Milk_015.jpg","not_apple","train"
"C:\USS\Repositorios Github\Deep Learning\DeepNeuralNetworkUSS-1\Projects\Supermarket\data\train\Packages_Sour-Milk_Arla-Sour-Milk\Arla-Sour-Milk_016.jpg","not_apple","train"
"C:\USS\Repositorios Github\Deep Learning\DeepNeuralNetworkUSS-1\Projects\Supermarket\data\train\Packages_Sour-Milk_Arla-Sour-Milk\Arla-Sour-Milk_017.jpg","not_apple","train"
"C:\USS\Repositorios Github\Deep Learning\DeepNeuralNetworkUSS-1\Projects\Supermarket\data\train\Packages_Sour-Milk_Arla-Sour-Milk\Arla-Sour-Milk_018.jpg","not_apple","train"
"C:\USS\Repositorios Github\Deep Learning\DeepNeuralNetworkUSS-1\Projects\Supermarket\data\train\Packages_Sour-Milk_Arla-Sour-Milk\Arla-Sour-Milk_019.jpg","not_apple","train"
"C:\USS\Repositorios Github\Deep Learning\DeepNeuralNetworkUSS-1\Projects\Supermarket\data\train\Packages_Sour-Milk_Arla-Sour-Milk\Arla-Sour-Milk_020.jpg","not_apple","train"
"C:\USS\Repositorios Github\Deep Learning\DeepNeuralNetworkUSS-1\Projects\Supermarket\data\train\Packages_Sour-Milk_Arla-Sour-Milk\Arla-Sour-Milk_021.jpg","not_apple","train"
"C:\USS\Repositorios Github\Deep Learning\DeepNeuralNetworkUSS-1\Projects\Supermarket\data\train\Packages_Sour-Milk_Arla-Sour-Milk\Arla-Sour-Milk_022.jpg","not_apple","train"
"C:\USS\Repositorios Github\Deep Learning\DeepNeuralNetworkUSS-1\Projects\Supermarket\data\train\Packages_Sour-Milk_Arla-Sour-Milk\Arla-Sour-Milk_023.jpg","not_apple","train"
"C:\USS\Repositorios Github\Deep Learning\DeepNeuralNetworkUSS-1\Projects\Supermarket\data\train\Packages_Sour-Milk_Arla-Sour-Milk\Arla-Sour-Milk_024.jpg","not_apple","train"
"C:\USS\Repositorios Github\Deep Learning\DeepNeuralNetworkUSS-1\Projects\Supermarket\data\train\Packages_Sour-Milk_Arla-Sour-Milk\Arla-Sour-Milk_025.jpg","not_apple","train"
"C:\USS\Repositorios Github\Deep Learning\DeepNeuralNetworkUSS-1\Projects\Supermarket\data\train\Packages_Sour-Milk_Arla-Sour-Milk\Arla-Sour-Milk_026.jpg","not_apple","train"
"C:\USS\Repositorios Github\Deep Learning\DeepNeuralNetworkUSS-1\Projects\Supermarket\data\train\Packages_Sour-Milk_Arla-Sour-Milk\Arla-Sour-Milk_027.jpg","not_apple","train"
"C:\USS\Repositorios Github\Deep Learning\DeepNeuralNetworkUSS-1\Projects\Supermarket\data\train\Packages_Sour-Milk_Arla-Sour-Milk\Arla-Sour-Milk_029.jpg","not_apple","train"
"C:\USS\Repositorios Github\Deep Learning\DeepNeuralNetworkUSS-1\Projects\Supermarket\data\train\Packages_Sour-Milk_Arla-Sour-Milk\Arla-Sour-Milk_030.jpg","not_apple","train"
"C:\USS\Repositorios Github\Deep Learning\DeepNeuralNetworkUSS-1\Projects\Supermarket\data\train\Packages_Soy-Milk_Alpro-Fresh-Soy-Milk\Alpro-Fresh-Soy-Milk_001.jpg","not_apple","train"
"C:\USS\Repositorios Github\Deep Learning\DeepNeuralNetworkUSS-1\Projects\Supermarket\data\train\Packages_Soy-Milk_Alpro-Fresh-Soy-Milk\Alpro-Fresh-Soy-Milk_002.jpg","not_apple","train"
"C:\USS\Repositorios Github\Deep Learning\DeepNeuralNetworkUSS-1\Projects\Supermarket\data\train\Packages_Soy-Milk_Alpro-Fresh-Soy-Milk\Alpro-Fresh-Soy-Milk_008.jpg","not_apple","train"
"C:\USS\Repositorios Github\Deep Learning\DeepNeuralNetworkUSS-1\Projects\Supermarket\data\train\Packages_Soy-Milk_Alpro-Fresh-Soy-Milk\Alpro-Fresh-Soy-Milk_009.jpg","not_apple","train"
"C:\USS\Repositorios Github\Deep Learning\DeepNeuralNetworkUSS-1\Projects\Supermarket\data\train\Packages_Soy-Milk_Alpro-Fresh-Soy-Milk\Alpro-Fresh-Soy-Milk_014.jpg","not_apple","train"
"C:\USS\Repositorios Github\Deep Learning\DeepNeuralNetworkUSS-1\Projects\Supermarket\data\train\Packages_Soy-Milk_Alpro-Fresh-Soy-Milk\Alpro-Fresh-Soy-Milk_015.jpg","not_apple","train"
"C:\USS\Repositorios Github\Deep Learning\DeepNeuralNetworkUSS-1\Projects\Supermarket\data\train\Packages_Soy-Milk_Alpro-Fresh-Soy-Milk\Alpro-Fresh-Soy-Milk_016.jpg","not_apple","train"
"C:\USS\Repositorios Github\Deep Learning\DeepNeuralNetworkUSS-1\Projects\Supermarket\data\train\Packages_Soy-Milk_Alpro-Fresh-Soy-Milk\Alpro-Fresh-Soy-Milk_018.jpg","not_apple","train"
"C:\USS\Repositorios Github\Deep Learning\DeepNeuralNetworkUSS-1\Projects\Supermarket\data\train\Packages_Soy-Milk_Alpro-Fresh-Soy-Milk\Alpro-Fresh-Soy-Milk_019.jpg","not_apple","train"
"C:\USS\Repositorios Github\Deep Learning\DeepNeuralNetworkUSS-1\Projects\Supermarket\data\train\Packages_Soy-Milk_Alpro-Fresh-Soy-Milk\Alpro-Fresh-Soy-Milk_020.jpg","not_apple","train"
"C:\USS\Repositorios Github\Deep Learning\DeepNeuralNetworkUSS-1\Projects\Supermarket\data\train\Packages_Soy-Milk_Alpro-Fresh-Soy-Milk\Alpro-Fresh-Soy-Milk_021.jpg","not_apple","train"
"C:\USS\Repositorios Github\Deep Learning\DeepNeuralNetworkUSS-1\Projects\Supermarket\data\train\Packages_Soy-Milk_Alpro-Fresh-Soy-Milk\Alpro-Fresh-Soy-Milk_022.jpg","not_apple","train"
"C:\USS\Repositorios Github\Deep Learning\DeepNeuralNetworkUSS-1\Projects\Supermarket\data\train\Packages_Soy-Milk_Alpro-Fresh-Soy-Milk\Alpro-Fresh-Soy-Milk_023.jpg","not_apple","train"
"C:\USS\Repositorios Github\Deep Learning\DeepNeuralNetworkUSS-1\Projects\Supermarket\data\train\Packages_Soy-Milk_Alpro-Fresh-Soy-Milk\Alpro-Fresh-Soy-Milk_024.jpg","not_apple","train"
"C:\USS\Repositorios Github\Deep Learning\DeepNeuralNetworkUSS-1\Projects\Supermarket\data\train\Packages_Soy-Milk_Alpro-Fresh-Soy-Milk\Alpro-Fresh-Soy-Milk_025.jpg","not_apple","train"
"C:\USS\Repositorios Github\Deep Learning\DeepNeuralNetworkUSS-1\Projects\Supermarket\data\train\Packages_Soy-Milk_Alpro-Fresh-Soy-Milk\Alpro-Fresh-Soy-Milk_026.jpg","not_apple","train"
"C:\USS\Repositorios Github\Deep Learning\DeepNeuralNetworkUSS-1\Projects\Supermarket\data\train\Packages_Soy-Milk_Alpro-Fresh-Soy-Milk\Alpro-Fresh-Soy-Milk_027.jpg","not_apple","train"
"C:\USS\Repositorios Github\Deep Learning\DeepNeuralNetworkUSS-1\Projects\Supermarket\data\train\Packages_Soy-Milk_Alpro-Fresh-Soy-Milk\Alpro-Fresh-Soy-Milk_028.jpg","not_apple","train"
"C:\USS\Repositorios Github\Deep Learning\DeepNeuralNetworkUSS-1\Projects\Supermarket\data\train\Packages_Soy-Milk_Alpro-Fresh-Soy-Milk\Alpro-Fresh-Soy-Milk_029.jpg","not_apple","train"
"C:\USS\Repositorios Github\Deep Learning\DeepNeuralNetworkUSS-1\Projects\Supermarket\data\train\Packages_Soy-Milk_Alpro-Fresh-Soy-Milk\Alpro-Fresh-Soy-Milk_030.jpg","not_apple","train"
"C:\USS\Repositorios Github\Deep Learning\DeepNeuralNetworkUSS-1\Projects\Supermarket\data\train\Packages_Soy-Milk_Alpro-Shelf-Soy-Milk\Alpro-Shelf-Soy-Milk_004.jpg","not_apple","train"
"C:\USS\Repositorios Github\Deep Learning\DeepNeuralNetworkUSS-1\Projects\Supermarket\data\train\Packages_Soy-Milk_Alpro-Shelf-Soy-Milk\Alpro-Shelf-Soy-Milk_005.jpg","not_apple","train"
"C:\USS\Repositorios Github\Deep Learning\DeepNeuralNetworkUSS-1\Projects\Supermarket\data\train\Packages_Soy-Milk_Alpro-Shelf-Soy-Milk\Alpro-Shelf-Soy-Milk_006.jpg","not_apple","train"
"C:\USS\Repositorios Github\Deep Learning\DeepNeuralNetworkUSS-1\Projects\Supermarket\data\train\Packages_Soy-Milk_Alpro-Shelf-Soy-Milk\Alpro-Shelf-Soy-Milk_007.jpg","not_apple","train"
"C:\USS\Repositorios Github\Deep Learning\DeepNeuralNetworkUSS-1\Projects\Supermarket\data\train\Packages_Soy-Milk_Alpro-Shelf-Soy-Milk\Alpro-Shelf-Soy-Milk_008.jpg","not_apple","train"
"C:\USS\Repositorios Github\Deep Learning\DeepNeuralNetworkUSS-1\Projects\Supermarket\data\train\Packages_Soy-Milk_Alpro-Shelf-Soy-Milk\Alpro-Shelf-Soy-Milk_009.jpg","not_apple","train"
"C:\USS\Repositorios Github\Deep Learning\DeepNeuralNetworkUSS-1\Projects\Supermarket\data\train\Packages_Soy-Milk_Alpro-Shelf-Soy-Milk\Alpro-Shelf-Soy-Milk_010.jpg","not_apple","train"
"C:\USS\Repositorios Github\Deep Learning\DeepNeuralNetworkUSS-1\Projects\Supermarket\data\train\Packages_Soy-Milk_Alpro-Shelf-Soy-Milk\Alpro-Shelf-Soy-Milk_011.jpg","not_apple","train"
"C:\USS\Repositorios Github\Deep Learning\DeepNeuralNetworkUSS-1\Projects\Supermarket\data\train\Packages_Soy-Milk_Alpro-Shelf-Soy-Milk\Alpro-Shelf-Soy-Milk_012.jpg","not_apple","train"
"C:\USS\Repositorios Github\Deep Learning\DeepNeuralNetworkUSS-1\Projects\Supermarket\data\train\Packages_Soy-Milk_Alpro-Shelf-Soy-Milk\Alpro-Shelf-Soy-Milk_018.jpg","not_apple","train"
"C:\USS\Repositorios Github\Deep Learning\DeepNeuralNetworkUSS-1\Projects\Supermarket\data\train\Packages_Soy-Milk_Alpro-Shelf-Soy-Milk\Alpro-Shelf-Soy-Milk_019.jpg","not_apple","train"
"C:\USS\Repositorios Github\Deep Learning\DeepNeuralNetworkUSS-1\Projects\Supermarket\data\train\Packages_Soy-Milk_Alpro-Shelf-Soy-Milk\Alpro-Shelf-Soy-Milk_020.jpg","not_apple","train"
"C:\USS\Repositorios Github\Deep Learning\DeepNeuralNetworkUSS-1\Projects\Supermarket\data\train\Packages_Soy-Milk_Alpro-Shelf-Soy-Milk\Alpro-Shelf-Soy-Milk_021.jpg","not_apple","train"
"C:\USS\Repositorios Github\Deep Learning\DeepNeuralNetworkUSS-1\Projects\Supermarket\data\train\Packages_Soy-Milk_Alpro-Shelf-Soy-Milk\Alpro-Shelf-Soy-Milk_022.jpg","not_apple","train"
"C:\USS\Repositorios Github\Deep Learning\DeepNeuralNetworkUSS-1\Projects\Supermarket\data\train\Packages_Soy-Milk_Alpro-Shelf-Soy-Milk\Alpro-Shelf-Soy-Milk_023.jpg","not_apple","train"
"C:\USS\Repositorios Github\Deep Learning\DeepNeuralNetworkUSS-1\Projects\Supermarket\data\train\Packages_Soy-Milk_Alpro-Shelf-Soy-Milk\Alpro-Shelf-Soy-Milk_024.jpg","not_apple","train"
"C:\USS\Repositorios Github\Deep Learning\DeepNeuralNetworkUSS-1\Projects\Supermarket\data\train\Packages_Soy-Milk_Alpro-Shelf-Soy-Milk\Alpro-Shelf-Soy-Milk_025.jpg","not_apple","train"
"C:\USS\Repositorios Github\Deep Learning\DeepNeuralNetworkUSS-1\Projects\Supermarket\data\train\Packages_Soy-Milk_Alpro-Shelf-Soy-Milk\Alpro-Shelf-Soy-Milk_026.jpg","not_apple","train"
"C:\USS\Repositorios Github\Deep Learning\DeepNeuralNetworkUSS-1\Projects\Supermarket\data\train\Packages_Soy-Milk_Alpro-Shelf-Soy-Milk\Alpro-Shelf-Soy-Milk_027.jpg","not_apple","train"
"C:\USS\Repositorios Github\Deep Learning\DeepNeuralNetworkUSS-1\Projects\Supermarket\data\train\Packages_Soy-Milk_Alpro-Shelf-Soy-Milk\Alpro-Shelf-Soy-Milk_030.jpg","not_apple","train"
"C:\USS\Repositorios Github\Deep Learning\DeepNeuralNetworkUSS-1\Projects\Supermarket\data\train\Packages_Soyghurt_Alpro-Blueberry-Soyghurt\Alpro-Blueberry-Soyghurt_001.jpg","not_apple","train"
"C:\USS\Repositorios Github\Deep Learning\DeepNeuralNetworkUSS-1\Projects\Supermarket\data\train\Packages_Soyghurt_Alpro-Blueberry-Soyghurt\Alpro-Blueberry-Soyghurt_002.jpg","not_apple","train"
"C:\USS\Repositorios Github\Deep Learning\DeepNeuralNetworkUSS-1\Projects\Supermarket\data\train\Packages_Soyghurt_Alpro-Blueberry-Soyghurt\Alpro-Blueberry-Soyghurt_003.jpg","not_apple","train"
"C:\USS\Repositorios Github\Deep Learning\DeepNeuralNetworkUSS-1\Projects\Supermarket\data\train\Packages_Soyghurt_Alpro-Blueberry-Soyghurt\Alpro-Blueberry-Soyghurt_004.jpg","not_apple","train"
"C:\USS\Repositorios Github\Deep Learning\DeepNeuralNetworkUSS-1\Projects\Supermarket\data\train\Packages_Soyghurt_Alpro-Blueberry-Soyghurt\Alpro-Blueberry-Soyghurt_005.jpg","not_apple","train"
"C:\USS\Repositorios Github\Deep Learning\DeepNeuralNetworkUSS-1\Projects\Supermarket\data\train\Packages_Soyghurt_Alpro-Blueberry-Soyghurt\Alpro-Blueberry-Soyghurt_006.jpg","not_apple","train"
"C:\USS\Repositorios Github\Deep Learning\DeepNeuralNetworkUSS-1\Projects\Supermarket\data\train\Packages_Soyghurt_Alpro-Blueberry-Soyghurt\Alpro-Blueberry-Soyghurt_007.jpg","not_apple","train"
"C:\USS\Repositorios Github\Deep Learning\DeepNeuralNetworkUSS-1\Projects\Supermarket\data\train\Packages_Soyghurt_Alpro-Blueberry-Soyghurt\Alpro-Blueberry-Soyghurt_008.jpg","not_apple","train"
"C:\USS\Repositorios Github\Deep Learning\DeepNeuralNetworkUSS-1\Projects\Supermarket\data\train\Packages_Soyghurt_Alpro-Blueberry-Soyghurt\Alpro-Blueberry-Soyghurt_009.jpg","not_apple","train"
"C:\USS\Repositorios Github\Deep Learning\DeepNeuralNetworkUSS-1\Projects\Supermarket\data\train\Packages_Soyghurt_Alpro-Blueberry-Soyghurt\Alpro-Blueberry-Soyghurt_010.jpg","not_apple","train"
"C:\USS\Repositorios Github\Deep Learning\DeepNeuralNetworkUSS-1\Projects\Supermarket\data\train\Packages_Soyghurt_Alpro-Blueberry-Soyghurt\Alpro-Blueberry-Soyghurt_011.jpg","not_apple","train"
"C:\USS\Repositorios Github\Deep Learning\DeepNeuralNetworkUSS-1\Projects\Supermarket\data\train\Packages_Soyghurt_Alpro-Blueberry-Soyghurt\Alpro-Blueberry-Soyghurt_012.jpg","not_apple","train"
"C:\USS\Repositorios Github\Deep Learning\DeepNeuralNetworkUSS-1\Projects\Supermarket\data\train\Packages_Soyghurt_Alpro-Blueberry-Soyghurt\Alpro-Blueberry-Soyghurt_013.jpg","not_apple","train"
"C:\USS\Repositorios Github\Deep Learning\DeepNeuralNetworkUSS-1\Projects\Supermarket\data\train\Packages_Soyghurt_Alpro-Blueberry-Soyghurt\Alpro-Blueberry-Soyghurt_014.jpg","not_apple","train"
"C:\USS\Repositorios Github\Deep Learning\DeepNeuralNetworkUSS-1\Projects\Supermarket\data\train\Packages_Soyghurt_Alpro-Blueberry-Soyghurt\Alpro-Blueberry-Soyghurt_015.jpg","not_apple","train"
"C:\USS\Repositorios Github\Deep Learning\DeepNeuralNetworkUSS-1\Projects\Supermarket\data\train\Packages_Soyghurt_Alpro-Blueberry-Soyghurt\Alpro-Blueberry-Soyghurt_016.jpg","not_apple","train"
"C:\USS\Repositorios Github\Deep Learning\DeepNeuralNetworkUSS-1\Projects\Supermarket\data\train\Packages_Soyghurt_Alpro-Blueberry-Soyghurt\Alpro-Blueberry-Soyghurt_017.jpg","not_apple","train"
"C:\USS\Repositorios Github\Deep Learning\DeepNeuralNetworkUSS-1\Projects\Supermarket\data\train\Packages_Soyghurt_Alpro-Blueberry-Soyghurt\Alpro-Blueberry-Soyghurt_018.jpg","not_apple","train"
"C:\USS\Repositorios Github\Deep Learning\DeepNeuralNetworkUSS-1\Projects\Supermarket\data\train\Packages_Soyghurt_Alpro-Blueberry-Soyghurt\Alpro-Blueberry-Soyghurt_019.jpg","not_apple","train"
"C:\USS\Repositorios Github\Deep Learning\DeepNeuralNetworkUSS-1\Projects\Supermarket\data\train\Packages_Soyghurt_Alpro-Blueberry-Soyghurt\Alpro-Blueberry-Soyghurt_020.jpg","not_apple","train"
"C:\USS\Repositorios Github\Deep Learning\DeepNeuralNetworkUSS-1\Projects\Supermarket\data\train\Packages_Soyghurt_Alpro-Blueberry-Soyghurt\Alpro-Blueberry-Soyghurt_021.jpg","not_apple","train"
"C:\USS\Repositorios Github\Deep Learning\DeepNeuralNetworkUSS-1\Projects\Supermarket\data\train\Packages_Soyghurt_Alpro-Blueberry-Soyghurt\Alpro-Blueberry-Soyghurt_022.jpg","not_apple","train"
"C:\USS\Repositorios Github\Deep Learning\DeepNeuralNetworkUSS-1\Projects\Supermarket\data\train\Packages_Soyghurt_Alpro-Blueberry-Soyghurt\Alpro-Blueberry-Soyghurt_023.jpg","not_apple","train"
"C:\USS\Repositorios Github\Deep Learning\DeepNeuralNetworkUSS-1\Projects\Supermarket\data\train\Packages_Soyghurt_Alpro-Blueberry-Soyghurt\Alpro-Blueberry-Soyghurt_024.jpg","not_apple","train"
"C:\USS\Repositorios Github\Deep Learning\DeepNeuralNetworkUSS-1\Projects\Supermarket\data\train\Packages_Soyghurt_Alpro-Blueberry-Soyghurt\Alpro-Blueberry-Soyghurt_025.jpg","not_apple","train"
"C:\USS\Repositorios Github\Deep Learning\DeepNeuralNetworkUSS-1\Projects\Supermarket\data\train\Packages_Soyghurt_Alpro-Blueberry-Soyghurt\Alpro-Blueberry-Soyghurt_026.jpg","not_apple","train"
"C:\USS\Repositorios Github\Deep Learning\DeepNeuralNetworkUSS-1\Projects\Supermarket\data\train\Packages_Soyghurt_Alpro-Blueberry-Soyghurt\Alpro-Blueberry-Soyghurt_027.jpg","not_apple","train"
"C:\USS\Repositorios Github\Deep Learning\DeepNeuralNetworkUSS-1\Projects\Supermarket\data\train\Packages_Soyghurt_Alpro-Blueberry-Soyghurt\Alpro-Blueberry-Soyghurt_028.jpg","not_apple","train"
"C:\USS\Repositorios Github\Deep Learning\DeepNeuralNetworkUSS-1\Projects\Supermarket\data\train\Packages_Soyghurt_Alpro-Vanilla-Soyghurt\Alpro-Vanilla-Soyghurt_001.jpg","not_apple","train"
"C:\USS\Repositorios Github\Deep Learning\DeepNeuralNetworkUSS-1\Projects\Supermarket\data\train\Packages_Soyghurt_Alpro-Vanilla-Soyghurt\Alpro-Vanilla-Soyghurt_002.jpg","not_apple","train"
"C:\USS\Repositorios Github\Deep Learning\DeepNeuralNetworkUSS-1\Projects\Supermarket\data\train\Packages_Soyghurt_Alpro-Vanilla-Soyghurt\Alpro-Vanilla-Soyghurt_003.jpg","not_apple","train"
"C:\USS\Repositorios Github\Deep Learning\DeepNeuralNetworkUSS-1\Projects\Supermarket\data\train\Packages_Soyghurt_Alpro-Vanilla-Soyghurt\Alpro-Vanilla-Soyghurt_004.jpg","not_apple","train"
"C:\USS\Repositorios Github\Deep Learning\DeepNeuralNetworkUSS-1\Projects\Supermarket\data\train\Packages_Soyghurt_Alpro-Vanilla-Soyghurt\Alpro-Vanilla-Soyghurt_005.jpg","not_apple","train"
"C:\USS\Repositorios Github\Deep Learning\DeepNeuralNetworkUSS-1\Projects\Supermarket\data\train\Packages_Soyghurt_Alpro-Vanilla-Soyghurt\Alpro-Vanilla-Soyghurt_006.jpg","not_apple","train"
"C:\USS\Repositorios Github\Deep Learning\DeepNeuralNetworkUSS-1\Projects\Supermarket\data\train\Packages_Soyghurt_Alpro-Vanilla-Soyghurt\Alpro-Vanilla-Soyghurt_007.jpg","not_apple","train"
"C:\USS\Repositorios Github\Deep Learning\DeepNeuralNetworkUSS-1\Projects\Supermarket\data\train\Packages_Soyghurt_Alpro-Vanilla-Soyghurt\Alpro-Vanilla-Soyghurt_008.jpg","not_apple","train"
"C:\USS\Repositorios Github\Deep Learning\DeepNeuralNetworkUSS-1\Projects\Supermarket\data\train\Packages_Soyghurt_Alpro-Vanilla-Soyghurt\Alpro-Vanilla-Soyghurt_009.jpg","not_apple","train"
"C:\USS\Repositorios Github\Deep Learning\DeepNeuralNetworkUSS-1\Projects\Supermarket\data\train\Packages_Soyghurt_Alpro-Vanilla-Soyghurt\Alpro-Vanilla-Soyghurt_010.jpg","not_apple","train"
"C:\USS\Repositorios Github\Deep Learning\DeepNeuralNetworkUSS-1\Projects\Supermarket\data\train\Packages_Soyghurt_Alpro-Vanilla-Soyghurt\Alpro-Vanilla-Soyghurt_011.jpg","not_apple","train"
"C:\USS\Repositorios Github\Deep Learning\DeepNeuralNetworkUSS-1\Projects\Supermarket\data\train\Packages_Soyghurt_Alpro-Vanilla-Soyghurt\Alpro-Vanilla-Soyghurt_012.jpg","not_apple","train"
"C:\USS\Repositorios Github\Deep Learning\DeepNeuralNetworkUSS-1\Projects\Supermarket\data\train\Packages_Soyghurt_Alpro-Vanilla-Soyghurt\Alpro-Vanilla-Soyghurt_013.jpg","not_apple","train"
"C:\USS\Repositorios Github\Deep Learning\DeepNeuralNetworkUSS-1\Projects\Supermarket\data\train\Packages_Soyghurt_Alpro-Vanilla-Soyghurt\Alpro-Vanilla-Soyghurt_014.jpg","not_apple","train"
"C:\USS\Repositorios Github\Deep Learning\DeepNeuralNetworkUSS-1\Projects\Supermarket\data\train\Packages_Soyghurt_Alpro-Vanilla-Soyghurt\Alpro-Vanilla-Soyghurt_015.jpg","not_apple","train"
"C:\USS\Repositorios Github\Deep Learning\DeepNeuralNetworkUSS-1\Projects\Supermarket\data\train\Packages_Soyghurt_Alpro-Vanilla-Soyghurt\Alpro-Vanilla-Soyghurt_016.jpg","not_apple","train"
"C:\USS\Repositorios Github\Deep Learning\DeepNeuralNetworkUSS-1\Projects\Supermarket\data\train\Packages_Soyghurt_Alpro-Vanilla-Soyghurt\Alpro-Vanilla-Soyghurt_017.jpg","not_apple","train"
"C:\USS\Repositorios Github\Deep Learning\DeepNeuralNetworkUSS-1\Projects\Supermarket\data\train\Packages_Soyghurt_Alpro-Vanilla-Soyghurt\Alpro-Vanilla-Soyghurt_018.jpg","not_apple","train"
"C:\USS\Repositorios Github\Deep Learning\DeepNeuralNetworkUSS-1\Projects\Supermarket\data\train\Packages_Soyghurt_Alpro-Vanilla-Soyghurt\Alpro-Vanilla-Soyghurt_019.jpg","not_apple","train"
"C:\USS\Repositorios Github\Deep Learning\DeepNeuralNetworkUSS-1\Projects\Supermarket\data\train\Packages_Soyghurt_Alpro-Vanilla-Soyghurt\Alpro-Vanilla-Soyghurt_020.jpg","not_apple","train"
"C:\USS\Repositorios Github\Deep Learning\DeepNeuralNetworkUSS-1\Projects\Supermarket\data\train\Packages_Soyghurt_Alpro-Vanilla-Soyghurt\Alpro-Vanilla-Soyghurt_021.jpg","not_apple","train"
"C:\USS\Repositorios Github\Deep Learning\DeepNeuralNetworkUSS-1\Projects\Supermarket\data\train\Packages_Soyghurt_Alpro-Vanilla-Soyghurt\Alpro-Vanilla-Soyghurt_022.jpg","not_apple","train"
"C:\USS\Repositorios Github\Deep Learning\DeepNeuralNetworkUSS-1\Projects\Supermarket\data\train\Packages_Soyghurt_Alpro-Vanilla-Soyghurt\Alpro-Vanilla-Soyghurt_023.jpg","not_apple","train"
"C:\USS\Repositorios Github\Deep Learning\DeepNeuralNetworkUSS-1\Projects\Supermarket\data\train\Packages_Yoghurt_Arla-Mild-Vanilla-Yoghurt\Arla-Mild-Vanilla-Yoghurt_001.jpg","not_apple","train"
"C:\USS\Repositorios Github\Deep Learning\DeepNeuralNetworkUSS-1\Projects\Supermarket\data\train\Packages_Yoghurt_Arla-Mild-Vanilla-Yoghurt\Arla-Mild-Vanilla-Yoghurt_002.jpg","not_apple","train"
"C:\USS\Repositorios Github\Deep Learning\DeepNeuralNetworkUSS-1\Projects\Supermarket\data\train\Packages_Yoghurt_Arla-Mild-Vanilla-Yoghurt\Arla-Mild-Vanilla-Yoghurt_003.jpg","not_apple","train"
"C:\USS\Repositorios Github\Deep Learning\DeepNeuralNetworkUSS-1\Projects\Supermarket\data\train\Packages_Yoghurt_Arla-Mild-Vanilla-Yoghurt\Arla-Mild-Vanilla-Yoghurt_004.jpg","not_apple","train"
"C:\USS\Repositorios Github\Deep Learning\DeepNeuralNetworkUSS-1\Projects\Supermarket\data\train\Packages_Yoghurt_Arla-Mild-Vanilla-Yoghurt\Arla-Mild-Vanilla-Yoghurt_005.jpg","not_apple","train"
"C:\USS\Repositorios Github\Deep Learning\DeepNeuralNetworkUSS-1\Projects\Supermarket\data\train\Packages_Yoghurt_Arla-Mild-Vanilla-Yoghurt\Arla-Mild-Vanilla-Yoghurt_006.jpg","not_apple","train"
"C:\USS\Repositorios Github\Deep Learning\DeepNeuralNetworkUSS-1\Projects\Supermarket\data\train\Packages_Yoghurt_Arla-Mild-Vanilla-Yoghurt\Arla-Mild-Vanilla-Yoghurt_007.jpg","not_apple","train"
"C:\USS\Repositorios Github\Deep Learning\DeepNeuralNetworkUSS-1\Projects\Supermarket\data\train\Packages_Yoghurt_Arla-Mild-Vanilla-Yoghurt\Arla-Mild-Vanilla-Yoghurt_008.jpg","not_apple","train"
"C:\USS\Repositorios Github\Deep Learning\DeepNeuralNetworkUSS-1\Projects\Supermarket\data\train\Packages_Yoghurt_Arla-Mild-Vanilla-Yoghurt\Arla-Mild-Vanilla-Yoghurt_009.jpg","not_apple","train"
"C:\USS\Repositorios Github\Deep Learning\DeepNeuralNetworkUSS-1\Projects\Supermarket\data\train\Packages_Yoghurt_Arla-Mild-Vanilla-Yoghurt\Arla-Mild-Vanilla-Yoghurt_010.jpg","not_apple","train"
"C:\USS\Repositorios Github\Deep Learning\DeepNeuralNetworkUSS-1\Projects\Supermarket\data\train\Packages_Yoghurt_Arla-Mild-Vanilla-Yoghurt\Arla-Mild-Vanilla-Yoghurt_011.jpg","not_apple","train"
"C:\USS\Repositorios Github\Deep Learning\DeepNeuralNetworkUSS-1\Projects\Supermarket\data\train\Packages_Yoghurt_Arla-Mild-Vanilla-Yoghurt\Arla-Mild-Vanilla-Yoghurt_012.jpg","not_apple","train"
"C:\USS\Repositorios Github\Deep Learning\DeepNeuralNetworkUSS-1\Projects\Supermarket\data\train\Packages_Yoghurt_Arla-Mild-Vanilla-Yoghurt\Arla-Mild-Vanilla-Yoghurt_013.jpg","not_apple","train"
"C:\USS\Repositorios Github\Deep Learning\DeepNeuralNetworkUSS-1\Projects\Supermarket\data\train\Packages_Yoghurt_Arla-Mild-Vanilla-Yoghurt\Arla-Mild-Vanilla-Yoghurt_014.jpg","not_apple","train"
"C:\USS\Repositorios Github\Deep Learning\DeepNeuralNetworkUSS-1\Projects\Supermarket\data\train\Packages_Yoghurt_Arla-Mild-Vanilla-Yoghurt\Arla-Mild-Vanilla-Yoghurt_015.jpg","not_apple","train"
"C:\USS\Repositorios Github\Deep Learning\DeepNeuralNetworkUSS-1\Projects\Supermarket\data\train\Packages_Yoghurt_Arla-Mild-Vanilla-Yoghurt\Arla-Mild-Vanilla-Yoghurt_016.jpg","not_apple","train"
"C:\USS\Repositorios Github\Deep Learning\DeepNeuralNetworkUSS-1\Projects\Supermarket\data\train\Packages_Yoghurt_Arla-Mild-Vanilla-Yoghurt\Arla-Mild-Vanilla-Yoghurt_017.jpg","not_apple","train"
"C:\USS\Repositorios Github\Deep Learning\DeepNeuralNetworkUSS-1\Projects\Supermarket\data\train\Packages_Yoghurt_Arla-Mild-Vanilla-Yoghurt\Arla-Mild-Vanilla-Yoghurt_018.jpg","not_apple","train"
"C:\USS\Repositorios Github\Deep Learning\DeepNeuralNetworkUSS-1\Projects\Supermarket\data\train\Packages_Yoghurt_Arla-Mild-Vanilla-Yoghurt\Arla-Mild-Vanilla-Yoghurt_019.jpg","not_apple","train"
"C:\USS\Repositorios Github\Deep Learning\DeepNeuralNetworkUSS-1\Projects\Supermarket\data\train\Packages_Yoghurt_Arla-Mild-Vanilla-Yoghurt\Arla-Mild-Vanilla-Yoghurt_020.jpg","not_apple","train"
"C:\USS\Repositorios Github\Deep Learning\DeepNeuralNetworkUSS-1\Projects\Supermarket\data\train\Packages_Yoghurt_Arla-Mild-Vanilla-Yoghurt\Arla-Mild-Vanilla-Yoghurt_021.jpg","not_apple","train"
"C:\USS\Repositorios Github\Deep Learning\DeepNeuralNetworkUSS-1\Projects\Supermarket\data\train\Packages_Yoghurt_Arla-Mild-Vanilla-Yoghurt\Arla-Mild-Vanilla-Yoghurt_022.jpg","not_apple","train"
"C:\USS\Repositorios Github\Deep Learning\DeepNeuralNetworkUSS-1\Projects\Supermarket\data\train\Packages_Yoghurt_Arla-Mild-Vanilla-Yoghurt\Arla-Mild-Vanilla-Yoghurt_023.jpg","not_apple","train"
"C:\USS\Repositorios Github\Deep Learning\DeepNeuralNetworkUSS-1\Projects\Supermarket\data\train\Packages_Yoghurt_Arla-Mild-Vanilla-Yoghurt\Arla-Mild-Vanilla-Yoghurt_024.jpg","not_apple","train"
"C:\USS\Repositorios Github\Deep Learning\DeepNeuralNetworkUSS-1\Projects\Supermarket\data\train\Packages_Yoghurt_Arla-Mild-Vanilla-Yoghurt\Arla-Mild-Vanilla-Yoghurt_025.jpg","not_apple","train"
"C:\USS\Repositorios Github\Deep Learning\DeepNeuralNetworkUSS-1\Projects\Supermarket\data\train\Packages_Yoghurt_Arla-Mild-Vanilla-Yoghurt\Arla-Mild-Vanilla-Yoghurt_026.jpg","not_apple","train"
"C:\USS\Repositorios Github\Deep Learning\DeepNeuralNetworkUSS-1\Projects\Supermarket\data\train\Packages_Yoghurt_Arla-Mild-Vanilla-Yoghurt\Arla-Mild-Vanilla-Yoghurt_027.jpg","not_apple","train"
"C:\USS\Repositorios Github\Deep Learning\DeepNeuralNetworkUSS-1\Projects\Supermarket\data\train\Packages_Yoghurt_Arla-Mild-Vanilla-Yoghurt\Arla-Mild-Vanilla-Yoghurt_028.jpg","not_apple","train"
"C:\USS\Repositorios Github\Deep Learning\DeepNeuralNetworkUSS-1\Projects\Supermarket\data\train\Packages_Yoghurt_Arla-Mild-Vanilla-Yoghurt\Arla-Mild-Vanilla-Yoghurt_029.jpg","not_apple","train"
"C:\USS\Repositorios Github\Deep Learning\DeepNeuralNetworkUSS-1\Projects\Supermarket\data\train\Packages_Yoghurt_Arla-Natural-Mild-Low-Fat-Yoghurt\Arla-Natural-Mild-Low-Fat-Yoghurt_001.jpg","not_apple","train"
"C:\USS\Repositorios Github\Deep Learning\DeepNeuralNetworkUSS-1\Projects\Supermarket\data\train\Packages_Yoghurt_Arla-Natural-Mild-Low-Fat-Yoghurt\Arla-Natural-Mild-Low-Fat-Yoghurt_002.jpg","not_apple","train"
"C:\USS\Repositorios Github\Deep Learning\DeepNeuralNetworkUSS-1\Projects\Supermarket\data\train\Packages_Yoghurt_Arla-Natural-Mild-Low-Fat-Yoghurt\Arla-Natural-Mild-Low-Fat-Yoghurt_008.jpg","not_apple","train"
"C:\USS\Repositorios Github\Deep Learning\DeepNeuralNetworkUSS-1\Projects\Supermarket\data\train\Packages_Yoghurt_Arla-Natural-Mild-Low-Fat-Yoghurt\Arla-Natural-Mild-Low-Fat-Yoghurt_009.jpg","not_apple","train"
"C:\USS\Repositorios Github\Deep Learning\DeepNeuralNetworkUSS-1\Projects\Supermarket\data\train\Packages_Yoghurt_Arla-Natural-Mild-Low-Fat-Yoghurt\Arla-Natural-Mild-Low-Fat-Yoghurt_014.jpg","not_apple","train"
"C:\USS\Repositorios Github\Deep Learning\DeepNeuralNetworkUSS-1\Projects\Supermarket\data\train\Packages_Yoghurt_Arla-Natural-Mild-Low-Fat-Yoghurt\Arla-Natural-Mild-Low-Fat-Yoghurt_015.jpg","not_apple","train"
"C:\USS\Repositorios Github\Deep Learning\DeepNeuralNetworkUSS-1\Projects\Supermarket\data\train\Packages_Yoghurt_Arla-Natural-Mild-Low-Fat-Yoghurt\Arla-Natural-Mild-Low-Fat-Yoghurt_016.jpg","not_apple","train"
"C:\USS\Repositorios Github\Deep Learning\DeepNeuralNetworkUSS-1\Projects\Supermarket\data\train\Packages_Yoghurt_Arla-Natural-Mild-Low-Fat-Yoghurt\Arla-Natural-Mild-Low-Fat-Yoghurt_018.jpg","not_apple","train"
"C:\USS\Repositorios Github\Deep Learning\DeepNeuralNetworkUSS-1\Projects\Supermarket\data\train\Packages_Yoghurt_Arla-Natural-Mild-Low-Fat-Yoghurt\Arla-Natural-Mild-Low-Fat-Yoghurt_019.jpg","not_apple","train"
"C:\USS\Repositorios Github\Deep Learning\DeepNeuralNetworkUSS-1\Projects\Supermarket\data\train\Packages_Yoghurt_Arla-Natural-Mild-Low-Fat-Yoghurt\Arla-Natural-Mild-Low-Fat-Yoghurt_020.jpg","not_apple","train"
"C:\USS\Repositorios Github\Deep Learning\DeepNeuralNetworkUSS-1\Projects\Supermarket\data\train\Packages_Yoghurt_Arla-Natural-Mild-Low-Fat-Yoghurt\Arla-Natural-Mild-Low-Fat-Yoghurt_021.jpg","not_apple","train"
"C:\USS\Repositorios Github\Deep Learning\DeepNeuralNetworkUSS-1\Projects\Supermarket\data\train\Packages_Yoghurt_Arla-Natural-Mild-Low-Fat-Yoghurt\Arla-Natural-Mild-Low-Fat-Yoghurt_022.jpg","not_apple","train"
"C:\USS\Repositorios Github\Deep Learning\DeepNeuralNetworkUSS-1\Projects\Supermarket\data\train\Packages_Yoghurt_Arla-Natural-Mild-Low-Fat-Yoghurt\Arla-Natural-Mild-Low-Fat-Yoghurt_023.jpg","not_apple","train"
"C:\USS\Repositorios Github\Deep Learning\DeepNeuralNetworkUSS-1\Projects\Supermarket\data\train\Packages_Yoghurt_Arla-Natural-Mild-Low-Fat-Yoghurt\Arla-Natural-Mild-Low-Fat-Yoghurt_024.jpg","not_apple","train"
"C:\USS\Repositorios Github\Deep Learning\DeepNeuralNetworkUSS-1\Projects\Supermarket\data\train\Packages_Yoghurt_Arla-Natural-Mild-Low-Fat-Yoghurt\Arla-Natural-Mild-Low-Fat-Yoghurt_025.jpg","not_apple","train"
"C:\USS\Repositorios Github\Deep Learning\DeepNeuralNetworkUSS-1\Projects\Supermarket\data\train\Packages_Yoghurt_Arla-Natural-Mild-Low-Fat-Yoghurt\Arla-Natural-Mild-Low-Fat-Yoghurt_026.jpg","not_apple","train"
"C:\USS\Repositorios Github\Deep Learning\DeepNeuralNetworkUSS-1\Projects\Supermarket\data\train\Packages_Yoghurt_Arla-Natural-Yoghurt\Arla-Natural-Yoghurt_001.jpg","not_apple","train"
"C:\USS\Repositorios Github\Deep Learning\DeepNeuralNetworkUSS-1\Projects\Supermarket\data\train\Packages_Yoghurt_Arla-Natural-Yoghurt\Arla-Natural-Yoghurt_002.jpg","not_apple","train"
"C:\USS\Repositorios Github\Deep Learning\DeepNeuralNetworkUSS-1\Projects\Supermarket\data\train\Packages_Yoghurt_Arla-Natural-Yoghurt\Arla-Natural-Yoghurt_003.jpg","not_apple","train"
"C:\USS\Repositorios Github\Deep Learning\DeepNeuralNetworkUSS-1\Projects\Supermarket\data\train\Packages_Yoghurt_Arla-Natural-Yoghurt\Arla-Natural-Yoghurt_008.jpg","not_apple","train"
"C:\USS\Repositorios Github\Deep Learning\DeepNeuralNetworkUSS-1\Projects\Supermarket\data\train\Packages_Yoghurt_Arla-Natural-Yoghurt\Arla-Natural-Yoghurt_009.jpg","not_apple","train"
"C:\USS\Repositorios Github\Deep Learning\DeepNeuralNetworkUSS-1\Projects\Supermarket\data\train\Packages_Yoghurt_Arla-Natural-Yoghurt\Arla-Natural-Yoghurt_014.jpg","not_apple","train"
"C:\USS\Repositorios Github\Deep Learning\DeepNeuralNetworkUSS-1\Projects\Supermarket\data\train\Packages_Yoghurt_Arla-Natural-Yoghurt\Arla-Natural-Yoghurt_015.jpg","not_apple","train"
"C:\USS\Repositorios Github\Deep Learning\DeepNeuralNetworkUSS-1\Projects\Supermarket\data\train\Packages_Yoghurt_Arla-Natural-Yoghurt\Arla-Natural-Yoghurt_016.jpg","not_apple","train"
"C:\USS\Repositorios Github\Deep Learning\DeepNeuralNetworkUSS-1\Projects\Supermarket\data\train\Packages_Yoghurt_Arla-Natural-Yoghurt\Arla-Natural-Yoghurt_017.jpg","not_apple","train"
"C:\USS\Repositorios Github\Deep Learning\DeepNeuralNetworkUSS-1\Projects\Supermarket\data\train\Packages_Yoghurt_Arla-Natural-Yoghurt\Arla-Natural-Yoghurt_018.jpg","not_apple","train"
"C:\USS\Repositorios Github\Deep Learning\DeepNeuralNetworkUSS-1\Projects\Supermarket\data\train\Packages_Yoghurt_Arla-Natural-Yoghurt\Arla-Natural-Yoghurt_019.jpg","not_apple","train"
"C:\USS\Repositorios Github\Deep Learning\DeepNeuralNetworkUSS-1\Projects\Supermarket\data\train\Packages_Yoghurt_Arla-Natural-Yoghurt\Arla-Natural-Yoghurt_020.jpg","not_apple","train"
"C:\USS\Repositorios Github\Deep Learning\DeepNeuralNetworkUSS-1\Projects\Supermarket\data\train\Packages_Yoghurt_Arla-Natural-Yoghurt\Arla-Natural-Yoghurt_021.jpg","not_apple","train"
"C:\USS\Repositorios Github\Deep Learning\DeepNeuralNetworkUSS-1\Projects\Supermarket\data\train\Packages_Yoghurt_Arla-Natural-Yoghurt\Arla-Natural-Yoghurt_022.jpg","not_apple","train"
"C:\USS\Repositorios Github\Deep Learning\DeepNeuralNetworkUSS-1\Projects\Supermarket\data\train\Packages_Yoghurt_Arla-Natural-Yoghurt\Arla-Natural-Yoghurt_023.jpg","not_apple","train"
"C:\USS\Repositorios Github\Deep Learning\DeepNeuralNetworkUSS-1\Projects\Supermarket\data\train\Packages_Yoghurt_Arla-Natural-Yoghurt\Arla-Natural-Yoghurt_024.jpg","not_apple","train"
"C:\USS\Repositorios Github\Deep Learning\DeepNeuralNetworkUSS-1\Projects\Supermarket\data\train\Packages_Yoghurt_Arla-Natural-Yoghurt\Arla-Natural-Yoghurt_025.jpg","not_apple","train"
"C:\USS\Repositorios Github\Deep Learning\DeepNeuralNetworkUSS-1\Projects\Supermarket\data\train\Packages_Yoghurt_Arla-Natural-Yoghurt\Arla-Natural-Yoghurt_026.jpg","not_apple","train"
"C:\USS\Repositorios Github\Deep Learning\DeepNeuralNetworkUSS-1\Projects\Supermarket\data\train\Packages_Yoghurt_Arla-Natural-Yoghurt\Arla-Natural-Yoghurt_027.jpg","not_apple","train"
"C:\USS\Repositorios Github\Deep Learning\DeepNeuralNetworkUSS-1\Projects\Supermarket\data\train\Packages_Yoghurt_Arla-Natural-Yoghurt\Arla-Natural-Yoghurt_028.jpg","not_apple","train"
"C:\USS\Repositorios Github\Deep Learning\DeepNeuralNetworkUSS-1\Projects\Supermarket\data\train\Packages_Yoghurt_Arla-Natural-Yoghurt\Arla-Natural-Yoghurt_029.jpg","not_apple","train"
"C:\USS\Repositorios Github\Deep Learning\DeepNeuralNetworkUSS-1\Projects\Supermarket\data\train\Packages_Yoghurt_Arla-Natural-Yoghurt\Arla-Natural-Yoghurt_030.jpg","not_apple","train"
"C:\USS\Repositorios Github\Deep Learning\DeepNeuralNetworkUSS-1\Projects\Supermarket\data\train\Packages_Yoghurt_Arla-Natural-Yoghurt\Arla-Natural-Yoghurt_031.jpg","not_apple","train"
"C:\USS\Repositorios Github\Deep Learning\DeepNeuralNetworkUSS-1\Projects\Supermarket\data\train\Packages_Yoghurt_Arla-Natural-Yoghurt\Arla-Natural-Yoghurt_032.jpg","not_apple","train"
"C:\USS\Repositorios Github\Deep Learning\DeepNeuralNetworkUSS-1\Projects\Supermarket\data\train\Packages_Yoghurt_Arla-Natural-Yoghurt\Arla-Natural-Yoghurt_033.jpg","not_apple","train"
"C:\USS\Repositorios Github\Deep Learning\DeepNeuralNetworkUSS-1\Projects\Supermarket\data\train\Packages_Yoghurt_Arla-Natural-Yoghurt\Arla-Natural-Yoghurt_034.jpg","not_apple","train"
"C:\USS\Repositorios Github\Deep Learning\DeepNeuralNetworkUSS-1\Projects\Supermarket\data\train\Packages_Yoghurt_Arla-Natural-Yoghurt\Arla-Natural-Yoghurt_035.jpg","not_apple","train"
"C:\USS\Repositorios Github\Deep Learning\DeepNeuralNetworkUSS-1\Projects\Supermarket\data\train\Packages_Yoghurt_Arla-Natural-Yoghurt\Arla-Natural-Yoghurt_036.jpg","not_apple","train"
"C:\USS\Repositorios Github\Deep Learning\DeepNeuralNetworkUSS-1\Projects\Supermarket\data\train\Packages_Yoghurt_Arla-Natural-Yoghurt\Arla-Natural-Yoghurt_037.jpg","not_apple","train"
"C:\USS\Repositorios Github\Deep Learning\DeepNeuralNetworkUSS-1\Projects\Supermarket\data\train\Packages_Yoghurt_Arla-Natural-Yoghurt\Arla-Natural-Yoghurt_040.jpg","not_apple","train"
"C:\USS\Repositorios Github\Deep Learning\DeepNeuralNetworkUSS-1\Projects\Supermarket\data\train\Packages_Yoghurt_Arla-Natural-Yoghurt\Arla-Natural-Yoghurt_041.jpg","not_apple","train"
"C:\USS\Repositorios Github\Deep Learning\DeepNeuralNetworkUSS-1\Projects\Supermarket\data\train\Packages_Yoghurt_Arla-Natural-Yoghurt\Arla-Natural-Yoghurt_042.jpg","not_apple","train"
"C:\USS\Repositorios Github\Deep Learning\DeepNeuralNetworkUSS-1\Projects\Supermarket\data\train\Packages_Yoghurt_Valio-Vanilla-Yoghurt\Valio-Vanilla-Yoghurt_001.jpg","not_apple","train"
"C:\USS\Repositorios Github\Deep Learning\DeepNeuralNetworkUSS-1\Projects\Supermarket\data\train\Packages_Yoghurt_Valio-Vanilla-Yoghurt\Valio-Vanilla-Yoghurt_002.jpg","not_apple","train"
"C:\USS\Repositorios Github\Deep Learning\DeepNeuralNetworkUSS-1\Projects\Supermarket\data\train\Packages_Yoghurt_Valio-Vanilla-Yoghurt\Valio-Vanilla-Yoghurt_003.jpg","not_apple","train"
"C:\USS\Repositorios Github\Deep Learning\DeepNeuralNetworkUSS-1\Projects\Supermarket\data\train\Packages_Yoghurt_Valio-Vanilla-Yoghurt\Valio-Vanilla-Yoghurt_004.jpg","not_apple","train"
"C:\USS\Repositorios Github\Deep Learning\DeepNeuralNetworkUSS-1\Projects\Supermarket\data\train\Packages_Yoghurt_Valio-Vanilla-Yoghurt\Valio-Vanilla-Yoghurt_005.jpg","not_apple","train"
"C:\USS\Repositorios Github\Deep Learning\DeepNeuralNetworkUSS-1\Projects\Supermarket\data\train\Packages_Yoghurt_Valio-Vanilla-Yoghurt\Valio-Vanilla-Yoghurt_006.jpg","not_apple","train"
"C:\USS\Repositorios Github\Deep Learning\DeepNeuralNetworkUSS-1\Projects\Supermarket\data\train\Packages_Yoghurt_Valio-Vanilla-Yoghurt\Valio-Vanilla-Yoghurt_007.jpg","not_apple","train"
"C:\USS\Repositorios Github\Deep Learning\DeepNeuralNetworkUSS-1\Projects\Supermarket\data\train\Packages_Yoghurt_Valio-Vanilla-Yoghurt\Valio-Vanilla-Yoghurt_008.jpg","not_apple","train"
"C:\USS\Repositorios Github\Deep Learning\DeepNeuralNetworkUSS-1\Projects\Supermarket\data\train\Packages_Yoghurt_Valio-Vanilla-Yoghurt\Valio-Vanilla-Yoghurt_009.jpg","not_apple","train"
"C:\USS\Repositorios Github\Deep Learning\DeepNeuralNetworkUSS-1\Projects\Supermarket\data\train\Packages_Yoghurt_Valio-Vanilla-Yoghurt\Valio-Vanilla-Yoghurt_010.jpg","not_apple","train"
"C:\USS\Repositorios Github\Deep Learning\DeepNeuralNetworkUSS-1\Projects\Supermarket\data\train\Packages_Yoghurt_Valio-Vanilla-Yoghurt\Valio-Vanilla-Yoghurt_011.jpg","not_apple","train"
"C:\USS\Repositorios Github\Deep Learning\DeepNeuralNetworkUSS-1\Projects\Supermarket\data\train\Packages_Yoghurt_Valio-Vanilla-Yoghurt\Valio-Vanilla-Yoghurt_012.jpg","not_apple","train"
"C:\USS\Repositorios Github\Deep Learning\DeepNeuralNetworkUSS-1\Projects\Supermarket\data\train\Packages_Yoghurt_Valio-Vanilla-Yoghurt\Valio-Vanilla-Yoghurt_013.jpg","not_apple","train"
"C:\USS\Repositorios Github\Deep Learning\DeepNeuralNetworkUSS-1\Projects\Supermarket\data\train\Packages_Yoghurt_Valio-Vanilla-Yoghurt\Valio-Vanilla-Yoghurt_014.jpg","not_apple","train"
"C:\USS\Repositorios Github\Deep Learning\DeepNeuralNetworkUSS-1\Projects\Supermarket\data\train\Packages_Yoghurt_Valio-Vanilla-Yoghurt\Valio-Vanilla-Yoghurt_015.jpg","not_apple","train"
"C:\USS\Repositorios Github\Deep Learning\DeepNeuralNetworkUSS-1\Projects\Supermarket\data\train\Packages_Yoghurt_Valio-Vanilla-Yoghurt\Valio-Vanilla-Yoghurt_016.jpg","not_apple","train"
"C:\USS\Repositorios Github\Deep Learning\DeepNeuralNetworkUSS-1\Projects\Supermarket\data\train\Packages_Yoghurt_Valio-Vanilla-Yoghurt\Valio-Vanilla-Yoghurt_017.jpg","not_apple","train"
"C:\USS\Repositorios Github\Deep Learning\DeepNeuralNetworkUSS-1\Projects\Supermarket\data\train\Packages_Yoghurt_Valio-Vanilla-Yoghurt\Valio-Vanilla-Yoghurt_018.jpg","not_apple","train"
"C:\USS\Repositorios Github\Deep Learning\DeepNeuralNetworkUSS-1\Projects\Supermarket\data\train\Packages_Yoghurt_Valio-Vanilla-Yoghurt\Valio-Vanilla-Yoghurt_019.jpg","not_apple","train"
"C:\USS\Repositorios Github\Deep Learning\DeepNeuralNetworkUSS-1\Projects\Supermarket\data\train\Packages_Yoghurt_Valio-Vanilla-Yoghurt\Valio-Vanilla-Yoghurt_020.jpg","not_apple","train"
"C:\USS\Repositorios Github\Deep Learning\DeepNeuralNetworkUSS-1\Projects\Supermarket\data\train\Packages_Yoghurt_Valio-Vanilla-Yoghurt\Valio-Vanilla-Yoghurt_021.jpg","not_apple","train"
"C:\USS\Repositorios Github\Deep Learning\DeepNeuralNetworkUSS-1\Projects\Supermarket\data\train\Packages_Yoghurt_Valio-Vanilla-Yoghurt\Valio-Vanilla-Yoghurt_022.jpg","not_apple","train"
"C:\USS\Repositorios Github\Deep Learning\DeepNeuralNetworkUSS-1\Projects\Supermarket\data\train\Packages_Yoghurt_Valio-Vanilla-Yoghurt\Valio-Vanilla-Yoghurt_023.jpg","not_apple","train"
"C:\USS\Repositorios Github\Deep Learning\DeepNeuralNetworkUSS-1\Projects\Supermarket\data\train\Packages_Yoghurt_Valio-Vanilla-Yoghurt\Valio-Vanilla-Yoghurt_024.jpg","not_apple","train"
"C:\USS\Repositorios Github\Deep Learning\DeepNeuralNetworkUSS-1\Projects\Supermarket\data\train\Packages_Yoghurt_Valio-Vanilla-Yoghurt\Valio-Vanilla-Yoghurt_025.jpg","not_apple","train"
"C:\USS\Repositorios Github\Deep Learning\DeepNeuralNetworkUSS-1\Projects\Supermarket\data\train\Packages_Yoghurt_Valio-Vanilla-Yoghurt\Valio-Vanilla-Yoghurt_026.jpg","not_apple","train"
"C:\USS\Repositorios Github\Deep Learning\DeepNeuralNetworkUSS-1\Projects\Supermarket\data\train\Packages_Yoghurt_Valio-Vanilla-Yoghurt\Valio-Vanilla-Yoghurt_027.jpg","not_apple","train"
"C:\USS\Repositorios Github\Deep Learning\DeepNeuralNetworkUSS-1\Projects\Supermarket\data\train\Packages_Yoghurt_Valio-Vanilla-Yoghurt\Valio-Vanilla-Yoghurt_028.jpg","not_apple","train"
"C:\USS\Repositorios Github\Deep Learning\DeepNeuralNetworkUSS-1\Projects\Supermarket\data\train\Packages_Yoghurt_Valio-Vanilla-Yoghurt\Valio-Vanilla-Yoghurt_029.jpg","not_apple","train"
"C:\USS\Repositorios Github\Deep Learning\DeepNeuralNetworkUSS-1\Projects\Supermarket\data\train\Packages_Yoghurt_Valio-Vanilla-Yoghurt\Valio-Vanilla-Yoghurt_030.jpg","not_apple","train"
"C:\USS\Repositorios Github\Deep Learning\DeepNeuralNetworkUSS-1\Projects\Supermarket\data\train\Packages_Yoghurt_Valio-Vanilla-Yoghurt\Valio-Vanilla-Yoghurt_031.jpg","not_apple","train"
"C:\USS\Repositorios Github\Deep Learning\DeepNeuralNetworkUSS-1\Projects\Supermarket\data\train\Packages_Yoghurt_Valio-Vanilla-Yoghurt\Valio-Vanilla-Yoghurt_032.jpg","not_apple","train"
"C:\USS\Repositorios Github\Deep Learning\DeepNeuralNetworkUSS-1\Projects\Supermarket\data\train\Packages_Yoghurt_Yoggi-Strawberry-Yoghurt\Yoggi-Strawberry-Yoghurt_001.jpg","not_apple","train"
"C:\USS\Repositorios Github\Deep Learning\DeepNeuralNetworkUSS-1\Projects\Supermarket\data\train\Packages_Yoghurt_Yoggi-Strawberry-Yoghurt\Yoggi-Strawberry-Yoghurt_002.jpg","not_apple","train"
"C:\USS\Repositorios Github\Deep Learning\DeepNeuralNetworkUSS-1\Projects\Supermarket\data\train\Packages_Yoghurt_Yoggi-Strawberry-Yoghurt\Yoggi-Strawberry-Yoghurt_003.jpg","not_apple","train"
"C:\USS\Repositorios Github\Deep Learning\DeepNeuralNetworkUSS-1\Projects\Supermarket\data\train\Packages_Yoghurt_Yoggi-Strawberry-Yoghurt\Yoggi-Strawberry-Yoghurt_004.jpg","not_apple","train"
"C:\USS\Repositorios Github\Deep Learning\DeepNeuralNetworkUSS-1\Projects\Supermarket\data\train\Packages_Yoghurt_Yoggi-Strawberry-Yoghurt\Yoggi-Strawberry-Yoghurt_005.jpg","not_apple","train"
"C:\USS\Repositorios Github\Deep Learning\DeepNeuralNetworkUSS-1\Projects\Supermarket\data\train\Packages_Yoghurt_Yoggi-Strawberry-Yoghurt\Yoggi-Strawberry-Yoghurt_006.jpg","not_apple","train"
"C:\USS\Repositorios Github\Deep Learning\DeepNeuralNetworkUSS-1\Projects\Supermarket\data\train\Packages_Yoghurt_Yoggi-Strawberry-Yoghurt\Yoggi-Strawberry-Yoghurt_007.jpg","not_apple","train"
"C:\USS\Repositorios Github\Deep Learning\DeepNeuralNetworkUSS-1\Projects\Supermarket\data\train\Packages_Yoghurt_Yoggi-Strawberry-Yoghurt\Yoggi-Strawberry-Yoghurt_008.jpg","not_apple","train"
"C:\USS\Repositorios Github\Deep Learning\DeepNeuralNetworkUSS-1\Projects\Supermarket\data\train\Packages_Yoghurt_Yoggi-Strawberry-Yoghurt\Yoggi-Strawberry-Yoghurt_009.jpg","not_apple","train"
"C:\USS\Repositorios Github\Deep Learning\DeepNeuralNetworkUSS-1\Projects\Supermarket\data\train\Packages_Yoghurt_Yoggi-Strawberry-Yoghurt\Yoggi-Strawberry-Yoghurt_010.jpg","not_apple","train"
"C:\USS\Repositorios Github\Deep Learning\DeepNeuralNetworkUSS-1\Projects\Supermarket\data\train\Packages_Yoghurt_Yoggi-Strawberry-Yoghurt\Yoggi-Strawberry-Yoghurt_011.jpg","not_apple","train"
"C:\USS\Repositorios Github\Deep Learning\DeepNeuralNetworkUSS-1\Projects\Supermarket\data\train\Packages_Yoghurt_Yoggi-Strawberry-Yoghurt\Yoggi-Strawberry-Yoghurt_012.jpg","not_apple","train"
"C:\USS\Repositorios Github\Deep Learning\DeepNeuralNetworkUSS-1\Projects\Supermarket\data\train\Packages_Yoghurt_Yoggi-Strawberry-Yoghurt\Yoggi-Strawberry-Yoghurt_013.jpg","not_apple","train"
"C:\USS\Repositorios Github\Deep Learning\DeepNeuralNetworkUSS-1\Projects\Supermarket\data\train\Packages_Yoghurt_Yoggi-Strawberry-Yoghurt\Yoggi-Strawberry-Yoghurt_014.jpg","not_apple","train"
"C:\USS\Repositorios Github\Deep Learning\DeepNeuralNetworkUSS-1\Projects\Supermarket\data\train\Packages_Yoghurt_Yoggi-Strawberry-Yoghurt\Yoggi-Strawberry-Yoghurt_015.jpg","not_apple","train"
"C:\USS\Repositorios Github\Deep Learning\DeepNeuralNetworkUSS-1\Projects\Supermarket\data\train\Packages_Yoghurt_Yoggi-Strawberry-Yoghurt\Yoggi-Strawberry-Yoghurt_016.jpg","not_apple","train"
"C:\USS\Repositorios Github\Deep Learning\DeepNeuralNetworkUSS-1\Projects\Supermarket\data\train\Packages_Yoghurt_Yoggi-Strawberry-Yoghurt\Yoggi-Strawberry-Yoghurt_017.jpg","not_apple","train"
"C:\USS\Repositorios Github\Deep Learning\DeepNeuralNetworkUSS-1\Projects\Supermarket\data\train\Packages_Yoghurt_Yoggi-Strawberry-Yoghurt\Yoggi-Strawberry-Yoghurt_018.jpg","not_apple","train"
"C:\USS\Repositorios Github\Deep Learning\DeepNeuralNetworkUSS-1\Projects\Supermarket\data\train\Packages_Yoghurt_Yoggi-Strawberry-Yoghurt\Yoggi-Strawberry-Yoghurt_019.jpg","not_apple","train"
"C:\USS\Repositorios Github\Deep Learning\DeepNeuralNetworkUSS-1\Projects\Supermarket\data\train\Packages_Yoghurt_Yoggi-Strawberry-Yoghurt\Yoggi-Strawberry-Yoghurt_020.jpg","not_apple","train"
"C:\USS\Repositorios Github\Deep Learning\DeepNeuralNetworkUSS-1\Projects\Supermarket\data\train\Packages_Yoghurt_Yoggi-Strawberry-Yoghurt\Yoggi-Strawberry-Yoghurt_021.jpg","not_apple","train"
"C:\USS\Repositorios Github\Deep Learning\DeepNeuralNetworkUSS-1\Projects\Supermarket\data\train\Packages_Yoghurt_Yoggi-Strawberry-Yoghurt\Yoggi-Strawberry-Yoghurt_022.jpg","not_apple","train"
"C:\USS\Repositorios Github\Deep Learning\DeepNeuralNetworkUSS-1\Projects\Supermarket\data\train\Packages_Yoghurt_Yoggi-Strawberry-Yoghurt\Yoggi-Strawberry-Yoghurt_023.jpg","not_apple","train"
"C:\USS\Repositorios Github\Deep Learning\DeepNeuralNetworkUSS-1\Projects\Supermarket\data\train\Packages_Yoghurt_Yoggi-Strawberry-Yoghurt\Yoggi-Strawberry-Yoghurt_024.jpg","not_apple","train"
"C:\USS\Repositorios Github\Deep Learning\DeepNeuralNetworkUSS-1\Projects\Supermarket\data\train\Packages_Yoghurt_Yoggi-Strawberry-Yoghurt\Yoggi-Strawberry-Yoghurt_025.jpg","not_apple","train"
"C:\USS\Repositorios Github\Deep Learning\DeepNeuralNetworkUSS-1\Projects\Supermarket\data\train\Packages_Yoghurt_Yoggi-Strawberry-Yoghurt\Yoggi-Strawberry-Yoghurt_026.jpg","not_apple","train"
"C:\USS\Repositorios Github\Deep Learning\DeepNeuralNetworkUSS-1\Projects\Supermarket\data\train\Packages_Yoghurt_Yoggi-Strawberry-Yoghurt\Yoggi-Strawberry-Yoghurt_027.jpg","not_apple","train"
"C:\USS\Repositorios Github\Deep Learning\DeepNeuralNetworkUSS-1\Projects\Supermarket\data\train\Packages_Yoghurt_Yoggi-Strawberry-Yoghurt\Yoggi-Strawberry-Yoghurt_028.jpg","not_apple","train"
"C:\USS\Repositorios Github\Deep Learning\DeepNeuralNetworkUSS-1\Projects\Supermarket\data\train\Packages_Yoghurt_Yoggi-Strawberry-Yoghurt\Yoggi-Strawberry-Yoghurt_029.jpg","not_apple","train"
"C:\USS\Repositorios Github\Deep Learning\DeepNeuralNetworkUSS-1\Projects\Supermarket\data\train\Packages_Yoghurt_Yoggi-Strawberry-Yoghurt\Yoggi-Strawberry-Yoghurt_030.jpg","not_apple","train"
"C:\USS\Repositorios Github\Deep Learning\DeepNeuralNetworkUSS-1\Projects\Supermarket\data\train\Packages_Yoghurt_Yoggi-Strawberry-Yoghurt\Yoggi-Strawberry-Yoghurt_031.jpg","not_apple","train"
"C:\USS\Repositorios Github\Deep Learning\DeepNeuralNetworkUSS-1\Projects\Supermarket\data\train\Packages_Yoghurt_Yoggi-Strawberry-Yoghurt\Yoggi-Strawberry-Yoghurt_032.jpg","not_apple","train"
"C:\USS\Repositorios Github\Deep Learning\DeepNeuralNetworkUSS-1\Projects\Supermarket\data\train\Packages_Yoghurt_Yoggi-Vanilla-Yoghurt\Yoggi-Vanilla-Yoghurt_001.jpg","not_apple","train"
"C:\USS\Repositorios Github\Deep Learning\DeepNeuralNetworkUSS-1\Projects\Supermarket\data\train\Packages_Yoghurt_Yoggi-Vanilla-Yoghurt\Yoggi-Vanilla-Yoghurt_002.jpg","not_apple","train"
"C:\USS\Repositorios Github\Deep Learning\DeepNeuralNetworkUSS-1\Projects\Supermarket\data\train\Packages_Yoghurt_Yoggi-Vanilla-Yoghurt\Yoggi-Vanilla-Yoghurt_003.jpg","not_apple","train"
"C:\USS\Repositorios Github\Deep Learning\DeepNeuralNetworkUSS-1\Projects\Supermarket\data\train\Packages_Yoghurt_Yoggi-Vanilla-Yoghurt\Yoggi-Vanilla-Yoghurt_004.jpg","not_apple","train"
"C:\USS\Repositorios Github\Deep Learning\DeepNeuralNetworkUSS-1\Projects\Supermarket\data\train\Packages_Yoghurt_Yoggi-Vanilla-Yoghurt\Yoggi-Vanilla-Yoghurt_005.jpg","not_apple","train"
"C:\USS\Repositorios Github\Deep Learning\DeepNeuralNetworkUSS-1\Projects\Supermarket\data\train\Packages_Yoghurt_Yoggi-Vanilla-Yoghurt\Yoggi-Vanilla-Yoghurt_006.jpg","not_apple","train"
"C:\USS\Repositorios Github\Deep Learning\DeepNeuralNetworkUSS-1\Projects\Supermarket\data\train\Packages_Yoghurt_Yoggi-Vanilla-Yoghurt\Yoggi-Vanilla-Yoghurt_008.jpg","not_apple","train"
"C:\USS\Repositorios Github\Deep Learning\DeepNeuralNetworkUSS-1\Projects\Supermarket\data\train\Packages_Yoghurt_Yoggi-Vanilla-Yoghurt\Yoggi-Vanilla-Yoghurt_009.jpg","not_apple","train"
"C:\USS\Repositorios Github\Deep Learning\DeepNeuralNetworkUSS-1\Projects\Supermarket\data\train\Packages_Yoghurt_Yoggi-Vanilla-Yoghurt\Yoggi-Vanilla-Yoghurt_010.jpg","not_apple","train"
"C:\USS\Repositorios Github\Deep Learning\DeepNeuralNetworkUSS-1\Projects\Supermarket\data\train\Packages_Yoghurt_Yoggi-Vanilla-Yoghurt\Yoggi-Vanilla-Yoghurt_011.jpg","not_apple","train"
"C:\USS\Repositorios Github\Deep Learning\DeepNeuralNetworkUSS-1\Projects\Supermarket\data\train\Packages_Yoghurt_Yoggi-Vanilla-Yoghurt\Yoggi-Vanilla-Yoghurt_012.jpg","not_apple","train"
"C:\USS\Repositorios Github\Deep Learning\DeepNeuralNetworkUSS-1\Projects\Supermarket\data\train\Packages_Yoghurt_Yoggi-Vanilla-Yoghurt\Yoggi-Vanilla-Yoghurt_013.jpg","not_apple","train"
"C:\USS\Repositorios Github\Deep Learning\DeepNeuralNetworkUSS-1\Projects\Supermarket\data\train\Packages_Yoghurt_Yoggi-Vanilla-Yoghurt\Yoggi-Vanilla-Yoghurt_014.jpg","not_apple","train"
"C:\USS\Repositorios Github\Deep Learning\DeepNeuralNetworkUSS-1\Projects\Supermarket\data\train\Packages_Yoghurt_Yoggi-Vanilla-Yoghurt\Yoggi-Vanilla-Yoghurt_015.jpg","not_apple","train"
"C:\USS\Repositorios Github\Deep Learning\DeepNeuralNetworkUSS-1\Projects\Supermarket\data\train\Packages_Yoghurt_Yoggi-Vanilla-Yoghurt\Yoggi-Vanilla-Yoghurt_016.jpg","not_apple","train"
"C:\USS\Repositorios Github\Deep Learning\DeepNeuralNetworkUSS-1\Projects\Supermarket\data\train\Packages_Yoghurt_Yoggi-Vanilla-Yoghurt\Yoggi-Vanilla-Yoghurt_017.jpg","not_apple","train"
"C:\USS\Repositorios Github\Deep Learning\DeepNeuralNetworkUSS-1\Projects\Supermarket\data\train\Packages_Yoghurt_Yoggi-Vanilla-Yoghurt\Yoggi-Vanilla-Yoghurt_018.jpg","not_apple","train"
"C:\USS\Repositorios Github\Deep Learning\DeepNeuralNetworkUSS-1\Projects\Supermarket\data\train\Packages_Yoghurt_Yoggi-Vanilla-Yoghurt\Yoggi-Vanilla-Yoghurt_019.jpg","not_apple","train"
"C:\USS\Repositorios Github\Deep Learning\DeepNeuralNetworkUSS-1\Projects\Supermarket\data\train\Packages_Yoghurt_Yoggi-Vanilla-Yoghurt\Yoggi-Vanilla-Yoghurt_020.jpg","not_apple","train"
"C:\USS\Repositorios Github\Deep Learning\DeepNeuralNetworkUSS-1\Projects\Supermarket\data\train\Vegetables_Onion_Yellow-Onion\Yellow-Onion_001.jpg","not_apple","train"
"C:\USS\Repositorios Github\Deep Learning\DeepNeuralNetworkUSS-1\Projects\Supermarket\data\train\Vegetables_Onion_Yellow-Onion\Yellow-Onion_002.jpg","not_apple","train"
"C:\USS\Repositorios Github\Deep Learning\DeepNeuralNetworkUSS-1\Projects\Supermarket\data\train\Vegetables_Onion_Yellow-Onion\Yellow-Onion_003.jpg","not_apple","train"
"C:\USS\Repositorios Github\Deep Learning\DeepNeuralNetworkUSS-1\Projects\Supermarket\data\train\Vegetables_Onion_Yellow-Onion\Yellow-Onion_004.jpg","not_apple","train"
"C:\USS\Repositorios Github\Deep Learning\DeepNeuralNetworkUSS-1\Projects\Supermarket\data\train\Vegetables_Onion_Yellow-Onion\Yellow-Onion_005.jpg","not_apple","train"
"C:\USS\Repositorios Github\Deep Learning\DeepNeuralNetworkUSS-1\Projects\Supermarket\data\train\Vegetables_Onion_Yellow-Onion\Yellow-Onion_006.jpg","not_apple","train"
"C:\USS\Repositorios Github\Deep Learning\DeepNeuralNetworkUSS-1\Projects\Supermarket\data\train\Vegetables_Onion_Yellow-Onion\Yellow-Onion_007.jpg","not_apple","train"
"C:\USS\Repositorios Github\Deep Learning\DeepNeuralNetworkUSS-1\Projects\Supermarket\data\train\Vegetables_Onion_Yellow-Onion\Yellow-Onion_008.jpg","not_apple","train"
"C:\USS\Repositorios Github\Deep Learning\DeepNeuralNetworkUSS-1\Projects\Supermarket\data\train\Vegetables_Onion_Yellow-Onion\Yellow-Onion_009.jpg","not_apple","train"
"C:\USS\Repositorios Github\Deep Learning\DeepNeuralNetworkUSS-1\Projects\Supermarket\data\train\Vegetables_Onion_Yellow-Onion\Yellow-Onion_010.jpg","not_apple","train"
"C:\USS\Repositorios Github\Deep Learning\DeepNeuralNetworkUSS-1\Projects\Supermarket\data\train\Vegetables_Onion_Yellow-Onion\Yellow-Onion_011.jpg","not_apple","train"
"C:\USS\Repositorios Github\Deep Learning\DeepNeuralNetworkUSS-1\Projects\Supermarket\data\train\Vegetables_Onion_Yellow-Onion\Yellow-Onion_012.jpg","not_apple","train"
"C:\USS\Repositorios Github\Deep Learning\DeepNeuralNetworkUSS-1\Projects\Supermarket\data\train\Vegetables_Onion_Yellow-Onion\Yellow-Onion_013.jpg","not_apple","train"
"C:\USS\Repositorios Github\Deep Learning\DeepNeuralNetworkUSS-1\Projects\Supermarket\data\train\Vegetables_Onion_Yellow-Onion\Yellow-Onion_014.jpg","not_apple","train"
"C:\USS\Repositorios Github\Deep Learning\DeepNeuralNetworkUSS-1\Projects\Supermarket\data\train\Vegetables_Onion_Yellow-Onion\Yellow-Onion_015.jpg","not_apple","train"
"C:\USS\Repositorios Github\Deep Learning\DeepNeuralNetworkUSS-1\Projects\Supermarket\data\train\Vegetables_Onion_Yellow-Onion\Yellow-Onion_016.jpg","not_apple","train"
"C:\USS\Repositorios Github\Deep Learning\DeepNeuralNetworkUSS-1\Projects\Supermarket\data\train\Vegetables_Onion_Yellow-Onion\Yellow-Onion_017.jpg","not_apple","train"
"C:\USS\Repositorios Github\Deep Learning\DeepNeuralNetworkUSS-1\Projects\Supermarket\data\train\Vegetables_Onion_Yellow-Onion\Yellow-Onion_018.jpg","not_apple","train"
"C:\USS\Repositorios Github\Deep Learning\DeepNeuralNetworkUSS-1\Projects\Supermarket\data\train\Vegetables_Onion_Yellow-Onion\Yellow-Onion_019.jpg","not_apple","train"
"C:\USS\Repositorios Github\Deep Learning\DeepNeuralNetworkUSS-1\Projects\Supermarket\data\train\Vegetables_Onion_Yellow-Onion\Yellow-Onion_020.jpg","not_apple","train"
"C:\USS\Repositorios Github\Deep Learning\DeepNeuralNetworkUSS-1\Projects\Supermarket\data\train\Vegetables_Onion_Yellow-Onion\Yellow-Onion_021.jpg","not_apple","train"
"C:\USS\Repositorios Github\Deep Learning\DeepNeuralNetworkUSS-1\Projects\Supermarket\data\train\Vegetables_Onion_Yellow-Onion\Yellow-Onion_022.jpg","not_apple","train"
"C:\USS\Repositorios Github\Deep Learning\DeepNeuralNetworkUSS-1\Projects\Supermarket\data\train\Vegetables_Onion_Yellow-Onion\Yellow-Onion_023.jpg","not_apple","train"
"C:\USS\Repositorios Github\Deep Learning\DeepNeuralNetworkUSS-1\Projects\Supermarket\data\train\Vegetables_Onion_Yellow-Onion\Yellow-Onion_024.jpg","not_apple","train"
"C:\USS\Repositorios Github\Deep Learning\DeepNeuralNetworkUSS-1\Projects\Supermarket\data\train\Vegetables_Onion_Yellow-Onion\Yellow-Onion_025.jpg","not_apple","train"
"C:\USS\Repositorios Github\Deep Learning\DeepNeuralNetworkUSS-1\Projects\Supermarket\data\train\Vegetables_Onion_Yellow-Onion\Yellow-Onion_026.jpg","not_apple","train"
"C:\USS\Repositorios Github\Deep Learning\DeepNeuralNetworkUSS-1\Projects\Supermarket\data\train\Vegetables_Onion_Yellow-Onion\Yellow-Onion_027.jpg","not_apple","train"
"C:\USS\Repositorios Github\Deep Learning\DeepNeuralNetworkUSS-1\Projects\Supermarket\data\train\Vegetables_Onion_Yellow-Onion\Yellow-Onion_028.jpg","not_apple","train"
"C:\USS\Repositorios Github\Deep Learning\DeepNeuralNetworkUSS-1\Projects\Supermarket\data\train\Vegetables_Onion_Yellow-Onion\Yellow-Onion_029.jpg","not_apple","train"
"C:\USS\Repositorios Github\Deep Learning\DeepNeuralNetworkUSS-1\Projects\Supermarket\data\train\Vegetables_Onion_Yellow-Onion\Yellow-Onion_030.jpg","not_apple","train"
"C:\USS\Repositorios Github\Deep Learning\DeepNeuralNetworkUSS-1\Projects\Supermarket\data\train\Vegetables_Onion_Yellow-Onion\Yellow-Onion_031.jpg","not_apple","train"
"C:\USS\Repositorios Github\Deep Learning\DeepNeuralNetworkUSS-1\Projects\Supermarket\data\train\Vegetables_Onion_Yellow-Onion\Yellow-Onion_032.jpg","not_apple","train"
"C:\USS\Repositorios Github\Deep Learning\DeepNeuralNetworkUSS-1\Projects\Supermarket\data\train\Vegetables_Onion_Yellow-Onion\Yellow-Onion_033.jpg","not_apple","train"
"C:\USS\Repositorios Github\Deep Learning\DeepNeuralNetworkUSS-1\Projects\Supermarket\data\train\Vegetables_Onion_Yellow-Onion\Yellow-Onion_034.jpg","not_apple","train"
"C:\USS\Repositorios Github\Deep Learning\DeepNeuralNetworkUSS-1\Projects\Supermarket\data\train\Vegetables_Onion_Yellow-Onion\Yellow-Onion_035.jpg","not_apple","train"
"C:\USS\Repositorios Github\Deep Learning\DeepNeuralNetworkUSS-1\Projects\Supermarket\data\train\Vegetables_Onion_Yellow-Onion\Yellow-Onion_036.jpg","not_apple","train"
"C:\USS\Repositorios Github\Deep Learning\DeepNeuralNetworkUSS-1\Projects\Supermarket\data\train\Vegetables_Onion_Yellow-Onion\Yellow-Onion_037.jpg","not_apple","train"
"C:\USS\Repositorios Github\Deep Learning\DeepNeuralNetworkUSS-1\Projects\Supermarket\data\train\Vegetables_Onion_Yellow-Onion\Yellow-Onion_038.jpg","not_apple","train"
"C:\USS\Repositorios Github\Deep Learning\DeepNeuralNetworkUSS-1\Projects\Supermarket\data\train\Vegetables_Pepper_Green-Bell-Pepper\Green-Bell-Pepper_001.jpg","not_apple","train"
"C:\USS\Repositorios Github\Deep Learning\DeepNeuralNetworkUSS-1\Projects\Supermarket\data\train\Vegetables_Pepper_Green-Bell-Pepper\Green-Bell-Pepper_002.jpg","not_apple","train"
"C:\USS\Repositorios Github\Deep Learning\DeepNeuralNetworkUSS-1\Projects\Supermarket\data\train\Vegetables_Pepper_Green-Bell-Pepper\Green-Bell-Pepper_008.jpg","not_apple","train"
"C:\USS\Repositorios Github\Deep Learning\DeepNeuralNetworkUSS-1\Projects\Supermarket\data\train\Vegetables_Pepper_Green-Bell-Pepper\Green-Bell-Pepper_009.jpg","not_apple","train"
"C:\USS\Repositorios Github\Deep Learning\DeepNeuralNetworkUSS-1\Projects\Supermarket\data\train\Vegetables_Pepper_Green-Bell-Pepper\Green-Bell-Pepper_014.jpg","not_apple","train"
"C:\USS\Repositorios Github\Deep Learning\DeepNeuralNetworkUSS-1\Projects\Supermarket\data\train\Vegetables_Pepper_Green-Bell-Pepper\Green-Bell-Pepper_015.jpg","not_apple","train"
"C:\USS\Repositorios Github\Deep Learning\DeepNeuralNetworkUSS-1\Projects\Supermarket\data\train\Vegetables_Pepper_Green-Bell-Pepper\Green-Bell-Pepper_016.jpg","not_apple","train"
"C:\USS\Repositorios Github\Deep Learning\DeepNeuralNetworkUSS-1\Projects\Supermarket\data\train\Vegetables_Pepper_Green-Bell-Pepper\Green-Bell-Pepper_018.jpg","not_apple","train"
"C:\USS\Repositorios Github\Deep Learning\DeepNeuralNetworkUSS-1\Projects\Supermarket\data\train\Vegetables_Pepper_Green-Bell-Pepper\Green-Bell-Pepper_019.jpg","not_apple","train"
"C:\USS\Repositorios Github\Deep Learning\DeepNeuralNetworkUSS-1\Projects\Supermarket\data\train\Vegetables_Pepper_Green-Bell-Pepper\Green-Bell-Pepper_020.jpg","not_apple","train"
"C:\USS\Repositorios Github\Deep Learning\DeepNeuralNetworkUSS-1\Projects\Supermarket\data\train\Vegetables_Pepper_Green-Bell-Pepper\Green-Bell-Pepper_021.jpg","not_apple","train"
"C:\USS\Repositorios Github\Deep Learning\DeepNeuralNetworkUSS-1\Projects\Supermarket\data\train\Vegetables_Pepper_Green-Bell-Pepper\Green-Bell-Pepper_022.jpg","not_apple","train"
"C:\USS\Repositorios Github\Deep Learning\DeepNeuralNetworkUSS-1\Projects\Supermarket\data\train\Vegetables_Pepper_Green-Bell-Pepper\Green-Bell-Pepper_023.jpg","not_apple","train"
"C:\USS\Repositorios Github\Deep Learning\DeepNeuralNetworkUSS-1\Projects\Supermarket\data\train\Vegetables_Pepper_Green-Bell-Pepper\Green-Bell-Pepper_024.jpg","not_apple","train"
"C:\USS\Repositorios Github\Deep Learning\DeepNeuralNetworkUSS-1\Projects\Supermarket\data\train\Vegetables_Pepper_Green-Bell-Pepper\Green-Bell-Pepper_025.jpg","not_apple","train"
"C:\USS\Repositorios Github\Deep Learning\DeepNeuralNetworkUSS-1\Projects\Supermarket\data\train\Vegetables_Pepper_Green-Bell-Pepper\Green-Bell-Pepper_026.jpg","not_apple","train"
"C:\USS\Repositorios Github\Deep Learning\DeepNeuralNetworkUSS-1\Projects\Supermarket\data\train\Vegetables_Pepper_Orange-Bell-Pepper\Orange-Bell-Pepper_001.jpg","not_apple","train"
"C:\USS\Repositorios Github\Deep Learning\DeepNeuralNetworkUSS-1\Projects\Supermarket\data\train\Vegetables_Pepper_Orange-Bell-Pepper\Orange-Bell-Pepper_002.jpg","not_apple","train"
"C:\USS\Repositorios Github\Deep Learning\DeepNeuralNetworkUSS-1\Projects\Supermarket\data\train\Vegetables_Pepper_Orange-Bell-Pepper\Orange-Bell-Pepper_003.jpg","not_apple","train"
"C:\USS\Repositorios Github\Deep Learning\DeepNeuralNetworkUSS-1\Projects\Supermarket\data\train\Vegetables_Pepper_Orange-Bell-Pepper\Orange-Bell-Pepper_004.jpg","not_apple","train"
"C:\USS\Repositorios Github\Deep Learning\DeepNeuralNetworkUSS-1\Projects\Supermarket\data\train\Vegetables_Pepper_Orange-Bell-Pepper\Orange-Bell-Pepper_005.jpg","not_apple","train"
"C:\USS\Repositorios Github\Deep Learning\DeepNeuralNetworkUSS-1\Projects\Supermarket\data\train\Vegetables_Pepper_Orange-Bell-Pepper\Orange-Bell-Pepper_006.jpg","not_apple","train"
"C:\USS\Repositorios Github\Deep Learning\DeepNeuralNetworkUSS-1\Projects\Supermarket\data\train\Vegetables_Pepper_Orange-Bell-Pepper\Orange-Bell-Pepper_007.jpg","not_apple","train"
"C:\USS\Repositorios Github\Deep Learning\DeepNeuralNetworkUSS-1\Projects\Supermarket\data\train\Vegetables_Pepper_Orange-Bell-Pepper\Orange-Bell-Pepper_008.jpg","not_apple","train"
"C:\USS\Repositorios Github\Deep Learning\DeepNeuralNetworkUSS-1\Projects\Supermarket\data\train\Vegetables_Pepper_Orange-Bell-Pepper\Orange-Bell-Pepper_009.jpg","not_apple","train"
"C:\USS\Repositorios Github\Deep Learning\DeepNeuralNetworkUSS-1\Projects\Supermarket\data\train\Vegetables_Pepper_Orange-Bell-Pepper\Orange-Bell-Pepper_010.jpg","not_apple","train"
"C:\USS\Repositorios Github\Deep Learning\DeepNeuralNetworkUSS-1\Projects\Supermarket\data\train\Vegetables_Pepper_Orange-Bell-Pepper\Orange-Bell-Pepper_011.jpg","not_apple","train"
"C:\USS\Repositorios Github\Deep Learning\DeepNeuralNetworkUSS-1\Projects\Supermarket\data\train\Vegetables_Pepper_Orange-Bell-Pepper\Orange-Bell-Pepper_012.jpg","not_apple","train"
"C:\USS\Repositorios Github\Deep Learning\DeepNeuralNetworkUSS-1\Projects\Supermarket\data\train\Vegetables_Pepper_Orange-Bell-Pepper\Orange-Bell-Pepper_013.jpg","not_apple","train"
"C:\USS\Repositorios Github\Deep Learning\DeepNeuralNetworkUSS-1\Projects\Supermarket\data\train\Vegetables_Pepper_Orange-Bell-Pepper\Orange-Bell-Pepper_014.jpg","not_apple","train"
"C:\USS\Repositorios Github\Deep Learning\DeepNeuralNetworkUSS-1\Projects\Supermarket\data\train\Vegetables_Pepper_Orange-Bell-Pepper\Orange-Bell-Pepper_015.jpg","not_apple","train"
"C:\USS\Repositorios Github\Deep Learning\DeepNeuralNetworkUSS-1\Projects\Supermarket\data\train\Vegetables_Pepper_Orange-Bell-Pepper\Orange-Bell-Pepper_016.jpg","not_apple","train"
"C:\USS\Repositorios Github\Deep Learning\DeepNeuralNetworkUSS-1\Projects\Supermarket\data\train\Vegetables_Pepper_Orange-Bell-Pepper\Orange-Bell-Pepper_017.jpg","not_apple","train"
"C:\USS\Repositorios Github\Deep Learning\DeepNeuralNetworkUSS-1\Projects\Supermarket\data\train\Vegetables_Pepper_Orange-Bell-Pepper\Orange-Bell-Pepper_018.jpg","not_apple","train"
"C:\USS\Repositorios Github\Deep Learning\DeepNeuralNetworkUSS-1\Projects\Supermarket\data\train\Vegetables_Pepper_Orange-Bell-Pepper\Orange-Bell-Pepper_019.jpg","not_apple","train"
"C:\USS\Repositorios Github\Deep Learning\DeepNeuralNetworkUSS-1\Projects\Supermarket\data\train\Vegetables_Pepper_Orange-Bell-Pepper\Orange-Bell-Pepper_020.jpg","not_apple","train"
"C:\USS\Repositorios Github\Deep Learning\DeepNeuralNetworkUSS-1\Projects\Supermarket\data\train\Vegetables_Pepper_Orange-Bell-Pepper\Orange-Bell-Pepper_021.jpg","not_apple","train"
"C:\USS\Repositorios Github\Deep Learning\DeepNeuralNetworkUSS-1\Projects\Supermarket\data\train\Vegetables_Pepper_Orange-Bell-Pepper\Orange-Bell-Pepper_022.jpg","not_apple","train"
"C:\USS\Repositorios Github\Deep Learning\DeepNeuralNetworkUSS-1\Projects\Supermarket\data\train\Vegetables_Pepper_Orange-Bell-Pepper\Orange-Bell-Pepper_023.jpg","not_apple","train"
"C:\USS\Repositorios Github\Deep Learning\DeepNeuralNetworkUSS-1\Projects\Supermarket\data\train\Vegetables_Pepper_Orange-Bell-Pepper\Orange-Bell-Pepper_024.jpg","not_apple","train"
"C:\USS\Repositorios Github\Deep Learning\DeepNeuralNetworkUSS-1\Projects\Supermarket\data\train\Vegetables_Pepper_Orange-Bell-Pepper\Orange-Bell-Pepper_025.jpg","not_apple","train"
"C:\USS\Repositorios Github\Deep Learning\DeepNeuralNetworkUSS-1\Projects\Supermarket\data\train\Vegetables_Pepper_Orange-Bell-Pepper\Orange-Bell-Pepper_026.jpg","not_apple","train"
"C:\USS\Repositorios Github\Deep Learning\DeepNeuralNetworkUSS-1\Projects\Supermarket\data\train\Vegetables_Pepper_Red-Bell-Pepper\Red-Bell-Pepper_001.jpg","not_apple","train"
"C:\USS\Repositorios Github\Deep Learning\DeepNeuralNetworkUSS-1\Projects\Supermarket\data\train\Vegetables_Pepper_Red-Bell-Pepper\Red-Bell-Pepper_002.jpg","not_apple","train"
"C:\USS\Repositorios Github\Deep Learning\DeepNeuralNetworkUSS-1\Projects\Supermarket\data\train\Vegetables_Pepper_Red-Bell-Pepper\Red-Bell-Pepper_003.jpg","not_apple","train"
"C:\USS\Repositorios Github\Deep Learning\DeepNeuralNetworkUSS-1\Projects\Supermarket\data\train\Vegetables_Pepper_Red-Bell-Pepper\Red-Bell-Pepper_004.jpg","not_apple","train"
"C:\USS\Repositorios Github\Deep Learning\DeepNeuralNetworkUSS-1\Projects\Supermarket\data\train\Vegetables_Pepper_Red-Bell-Pepper\Red-Bell-Pepper_005.jpg","not_apple","train"
"C:\USS\Repositorios Github\Deep Learning\DeepNeuralNetworkUSS-1\Projects\Supermarket\data\train\Vegetables_Pepper_Red-Bell-Pepper\Red-Bell-Pepper_006.jpg","not_apple","train"
"C:\USS\Repositorios Github\Deep Learning\DeepNeuralNetworkUSS-1\Projects\Supermarket\data\train\Vegetables_Pepper_Red-Bell-Pepper\Red-Bell-Pepper_007.jpg","not_apple","train"
"C:\USS\Repositorios Github\Deep Learning\DeepNeuralNetworkUSS-1\Projects\Supermarket\data\train\Vegetables_Pepper_Red-Bell-Pepper\Red-Bell-Pepper_008.jpg","not_apple","train"
"C:\USS\Repositorios Github\Deep Learning\DeepNeuralNetworkUSS-1\Projects\Supermarket\data\train\Vegetables_Pepper_Red-Bell-Pepper\Red-Bell-Pepper_009.jpg","not_apple","train"
"C:\USS\Repositorios Github\Deep Learning\DeepNeuralNetworkUSS-1\Projects\Supermarket\data\train\Vegetables_Pepper_Red-Bell-Pepper\Red-Bell-Pepper_010.jpg","not_apple","train"
"C:\USS\Repositorios Github\Deep Learning\DeepNeuralNetworkUSS-1\Projects\Supermarket\data\train\Vegetables_Pepper_Red-Bell-Pepper\Red-Bell-Pepper_011.jpg","not_apple","train"
"C:\USS\Repositorios Github\Deep Learning\DeepNeuralNetworkUSS-1\Projects\Supermarket\data\train\Vegetables_Pepper_Red-Bell-Pepper\Red-Bell-Pepper_012.jpg","not_apple","train"
"C:\USS\Repositorios Github\Deep Learning\DeepNeuralNetworkUSS-1\Projects\Supermarket\data\train\Vegetables_Pepper_Red-Bell-Pepper\Red-Bell-Pepper_013.jpg","not_apple","train"
"C:\USS\Repositorios Github\Deep Learning\DeepNeuralNetworkUSS-1\Projects\Supermarket\data\train\Vegetables_Pepper_Red-Bell-Pepper\Red-Bell-Pepper_014.jpg","not_apple","train"
"C:\USS\Repositorios Github\Deep Learning\DeepNeuralNetworkUSS-1\Projects\Supermarket\data\train\Vegetables_Pepper_Red-Bell-Pepper\Red-Bell-Pepper_015.jpg","not_apple","train"
"C:\USS\Repositorios Github\Deep Learning\DeepNeuralNetworkUSS-1\Projects\Supermarket\data\train\Vegetables_Pepper_Red-Bell-Pepper\Red-Bell-Pepper_016.jpg","not_apple","train"
"C:\USS\Repositorios Github\Deep Learning\DeepNeuralNetworkUSS-1\Projects\Supermarket\data\train\Vegetables_Pepper_Red-Bell-Pepper\Red-Bell-Pepper_017.jpg","not_apple","train"
"C:\USS\Repositorios Github\Deep Learning\DeepNeuralNetworkUSS-1\Projects\Supermarket\data\train\Vegetables_Pepper_Red-Bell-Pepper\Red-Bell-Pepper_018.jpg","not_apple","train"
"C:\USS\Repositorios Github\Deep Learning\DeepNeuralNetworkUSS-1\Projects\Supermarket\data\train\Vegetables_Pepper_Red-Bell-Pepper\Red-Bell-Pepper_019.jpg","not_apple","train"
"C:\USS\Repositorios Github\Deep Learning\DeepNeuralNetworkUSS-1\Projects\Supermarket\data\train\Vegetables_Pepper_Red-Bell-Pepper\Red-Bell-Pepper_020.jpg","not_apple","train"
"C:\USS\Repositorios Github\Deep Learning\DeepNeuralNetworkUSS-1\Projects\Supermarket\data\train\Vegetables_Pepper_Red-Bell-Pepper\Red-Bell-Pepper_021.jpg","not_apple","train"
"C:\USS\Repositorios Github\Deep Learning\DeepNeuralNetworkUSS-1\Projects\Supermarket\data\train\Vegetables_Pepper_Red-Bell-Pepper\Red-Bell-Pepper_022.jpg","not_apple","train"
"C:\USS\Repositorios Github\Deep Learning\DeepNeuralNetworkUSS-1\Projects\Supermarket\data\train\Vegetables_Pepper_Red-Bell-Pepper\Red-Bell-Pepper_023.jpg","not_apple","train"
"C:\USS\Repositorios Github\Deep Learning\DeepNeuralNetworkUSS-1\Projects\Supermarket\data\train\Vegetables_Pepper_Red-Bell-Pepper\Red-Bell-Pepper_024.jpg","not_apple","train"
"C:\USS\Repositorios Github\Deep Learning\DeepNeuralNetworkUSS-1\Projects\Supermarket\data\train\Vegetables_Pepper_Red-Bell-Pepper\Red-Bell-Pepper_025.jpg","not_apple","train"
"C:\USS\Repositorios Github\Deep Learning\DeepNeuralNetworkUSS-1\Projects\Supermarket\data\train\Vegetables_Pepper_Red-Bell-Pepper\Red-Bell-Pepper_026.jpg","not_apple","train"
"C:\USS\Repositorios Github\Deep Learning\DeepNeuralNetworkUSS-1\Projects\Supermarket\data\train\Vegetables_Pepper_Red-Bell-Pepper\Red-Bell-Pepper_027.jpg","not_apple","train"
"C:\USS\Repositorios Github\Deep Learning\DeepNeuralNetworkUSS-1\Projects\Supermarket\data\train\Vegetables_Pepper_Red-Bell-Pepper\Red-Bell-Pepper_028.jpg","not_apple","train"
"C:\USS\Repositorios Github\Deep Learning\DeepNeuralNetworkUSS-1\Projects\Supermarket\data\train\Vegetables_Pepper_Red-Bell-Pepper\Red-Bell-Pepper_029.jpg","not_apple","train"
"C:\USS\Repositorios Github\Deep Learning\DeepNeuralNetworkUSS-1\Projects\Supermarket\data\train\Vegetables_Pepper_Red-Bell-Pepper\Red-Bell-Pepper_030.jpg","not_apple","train"
"C:\USS\Repositorios Github\Deep Learning\DeepNeuralNetworkUSS-1\Projects\Supermarket\data\train\Vegetables_Pepper_Red-Bell-Pepper\Red-Bell-Pepper_031.jpg","not_apple","train"
"C:\USS\Repositorios Github\Deep Learning\DeepNeuralNetworkUSS-1\Projects\Supermarket\data\train\Vegetables_Pepper_Red-Bell-Pepper\Red-Bell-Pepper_032.jpg","not_apple","train"
"C:\USS\Repositorios Github\Deep Learning\DeepNeuralNetworkUSS-1\Projects\Supermarket\data\train\Vegetables_Pepper_Red-Bell-Pepper\Red-Bell-Pepper_033.jpg","not_apple","train"
"C:\USS\Repositorios Github\Deep Learning\DeepNeuralNetworkUSS-1\Projects\Supermarket\data\train\Vegetables_Pepper_Red-Bell-Pepper\Red-Bell-Pepper_034.jpg","not_apple","train"
"C:\USS\Repositorios Github\Deep Learning\DeepNeuralNetworkUSS-1\Projects\Supermarket\data\train\Vegetables_Pepper_Yellow-Bell-Pepper\Yellow-Bell-Pepper_001.jpg","not_apple","train"
"C:\USS\Repositorios Github\Deep Learning\DeepNeuralNetworkUSS-1\Projects\Supermarket\data\train\Vegetables_Pepper_Yellow-Bell-Pepper\Yellow-Bell-Pepper_002.jpg","not_apple","train"
"C:\USS\Repositorios Github\Deep Learning\DeepNeuralNetworkUSS-1\Projects\Supermarket\data\train\Vegetables_Pepper_Yellow-Bell-Pepper\Yellow-Bell-Pepper_003.jpg","not_apple","train"
"C:\USS\Repositorios Github\Deep Learning\DeepNeuralNetworkUSS-1\Projects\Supermarket\data\train\Vegetables_Pepper_Yellow-Bell-Pepper\Yellow-Bell-Pepper_004.jpg","not_apple","train"
"C:\USS\Repositorios Github\Deep Learning\DeepNeuralNetworkUSS-1\Projects\Supermarket\data\train\Vegetables_Pepper_Yellow-Bell-Pepper\Yellow-Bell-Pepper_005.jpg","not_apple","train"
"C:\USS\Repositorios Github\Deep Learning\DeepNeuralNetworkUSS-1\Projects\Supermarket\data\train\Vegetables_Pepper_Yellow-Bell-Pepper\Yellow-Bell-Pepper_006.jpg","not_apple","train"
"C:\USS\Repositorios Github\Deep Learning\DeepNeuralNetworkUSS-1\Projects\Supermarket\data\train\Vegetables_Pepper_Yellow-Bell-Pepper\Yellow-Bell-Pepper_007.jpg","not_apple","train"
"C:\USS\Repositorios Github\Deep Learning\DeepNeuralNetworkUSS-1\Projects\Supermarket\data\train\Vegetables_Pepper_Yellow-Bell-Pepper\Yellow-Bell-Pepper_008.jpg","not_apple","train"
"C:\USS\Repositorios Github\Deep Learning\DeepNeuralNetworkUSS-1\Projects\Supermarket\data\train\Vegetables_Pepper_Yellow-Bell-Pepper\Yellow-Bell-Pepper_009.jpg","not_apple","train"
"C:\USS\Repositorios Github\Deep Learning\DeepNeuralNetworkUSS-1\Projects\Supermarket\data\train\Vegetables_Pepper_Yellow-Bell-Pepper\Yellow-Bell-Pepper_010.jpg","not_apple","train"
"C:\USS\Repositorios Github\Deep Learning\DeepNeuralNetworkUSS-1\Projects\Supermarket\data\train\Vegetables_Pepper_Yellow-Bell-Pepper\Yellow-Bell-Pepper_011.jpg","not_apple","train"
"C:\USS\Repositorios Github\Deep Learning\DeepNeuralNetworkUSS-1\Projects\Supermarket\data\train\Vegetables_Pepper_Yellow-Bell-Pepper\Yellow-Bell-Pepper_012.jpg","not_apple","train"
"C:\USS\Repositorios Github\Deep Learning\DeepNeuralNetworkUSS-1\Projects\Supermarket\data\train\Vegetables_Pepper_Yellow-Bell-Pepper\Yellow-Bell-Pepper_013.jpg","not_apple","train"
"C:\USS\Repositorios Github\Deep Learning\DeepNeuralNetworkUSS-1\Projects\Supermarket\data\train\Vegetables_Pepper_Yellow-Bell-Pepper\Yellow-Bell-Pepper_014.jpg","not_apple","train"
"C:\USS\Repositorios Github\Deep Learning\DeepNeuralNetworkUSS-1\Projects\Supermarket\data\train\Vegetables_Pepper_Yellow-Bell-Pepper\Yellow-Bell-Pepper_015.jpg","not_apple","train"
"C:\USS\Repositorios Github\Deep Learning\DeepNeuralNetworkUSS-1\Projects\Supermarket\data\train\Vegetables_Pepper_Yellow-Bell-Pepper\Yellow-Bell-Pepper_016.jpg","not_apple","train"
"C:\USS\Repositorios Github\Deep Learning\DeepNeuralNetworkUSS-1\Projects\Supermarket\data\train\Vegetables_Pepper_Yellow-Bell-Pepper\Yellow-Bell-Pepper_017.jpg","not_apple","train"
"C:\USS\Repositorios Github\Deep Learning\DeepNeuralNetworkUSS-1\Projects\Supermarket\data\train\Vegetables_Pepper_Yellow-Bell-Pepper\Yellow-Bell-Pepper_018.jpg","not_apple","train"
"C:\USS\Repositorios Github\Deep Learning\DeepNeuralNetworkUSS-1\Projects\Supermarket\data\train\Vegetables_Pepper_Yellow-Bell-Pepper\Yellow-Bell-Pepper_019.jpg","not_apple","train"
"C:\USS\Repositorios Github\Deep Learning\DeepNeuralNetworkUSS-1\Projects\Supermarket\data\train\Vegetables_Pepper_Yellow-Bell-Pepper\Yellow-Bell-Pepper_020.jpg","not_apple","train"
"C:\USS\Repositorios Github\Deep Learning\DeepNeuralNetworkUSS-1\Projects\Supermarket\data\train\Vegetables_Pepper_Yellow-Bell-Pepper\Yellow-Bell-Pepper_021.jpg","not_apple","train"
"C:\USS\Repositorios Github\Deep Learning\DeepNeuralNetworkUSS-1\Projects\Supermarket\data\train\Vegetables_Pepper_Yellow-Bell-Pepper\Yellow-Bell-Pepper_022.jpg","not_apple","train"
"C:\USS\Repositorios Github\Deep Learning\DeepNeuralNetworkUSS-1\Projects\Supermarket\data\train\Vegetables_Pepper_Yellow-Bell-Pepper\Yellow-Bell-Pepper_023.jpg","not_apple","train"
"C:\USS\Repositorios Github\Deep Learning\DeepNeuralNetworkUSS-1\Projects\Supermarket\data\train\Vegetables_Pepper_Yellow-Bell-Pepper\Yellow-Bell-Pepper_024.jpg","not_apple","train"
"C:\USS\Repositorios Github\Deep Learning\DeepNeuralNetworkUSS-1\Projects\Supermarket\data\train\Vegetables_Pepper_Yellow-Bell-Pepper\Yellow-Bell-Pepper_025.jpg","not_apple","train"
"C:\USS\Repositorios Github\Deep Learning\DeepNeuralNetworkUSS-1\Projects\Supermarket\data\train\Vegetables_Pepper_Yellow-Bell-Pepper\Yellow-Bell-Pepper_026.jpg","not_apple","train"
"C:\USS\Repositorios Github\Deep Learning\DeepNeuralNetworkUSS-1\Projects\Supermarket\data\train\Vegetables_Potato_Floury-Potato\Floury-Potato_001.jpg","not_apple","train"
"C:\USS\Repositorios Github\Deep Learning\DeepNeuralNetworkUSS-1\Projects\Supermarket\data\train\Vegetables_Potato_Floury-Potato\Floury-Potato_002.jpg","not_apple","train"
"C:\USS\Repositorios Github\Deep Learning\DeepNeuralNetworkUSS-1\Projects\Supermarket\data\train\Vegetables_Potato_Floury-Potato\Floury-Potato_003.jpg","not_apple","train"
"C:\USS\Repositorios Github\Deep Learning\DeepNeuralNetworkUSS-1\Projects\Supermarket\data\train\Vegetables_Potato_Floury-Potato\Floury-Potato_004.jpg","not_apple","train"
"C:\USS\Repositorios Github\Deep Learning\DeepNeuralNetworkUSS-1\Projects\Supermarket\data\train\Vegetables_Potato_Floury-Potato\Floury-Potato_005.jpg","not_apple","train"
"C:\USS\Repositorios Github\Deep Learning\DeepNeuralNetworkUSS-1\Projects\Supermarket\data\train\Vegetables_Potato_Floury-Potato\Floury-Potato_006.jpg","not_apple","train"
"C:\USS\Repositorios Github\Deep Learning\DeepNeuralNetworkUSS-1\Projects\Supermarket\data\train\Vegetables_Potato_Floury-Potato\Floury-Potato_007.jpg","not_apple","train"
"C:\USS\Repositorios Github\Deep Learning\DeepNeuralNetworkUSS-1\Projects\Supermarket\data\train\Vegetables_Potato_Floury-Potato\Floury-Potato_008.jpg","not_apple","train"
"C:\USS\Repositorios Github\Deep Learning\DeepNeuralNetworkUSS-1\Projects\Supermarket\data\train\Vegetables_Potato_Floury-Potato\Floury-Potato_009.jpg","not_apple","train"
"C:\USS\Repositorios Github\Deep Learning\DeepNeuralNetworkUSS-1\Projects\Supermarket\data\train\Vegetables_Potato_Floury-Potato\Floury-Potato_010.jpg","not_apple","train"
"C:\USS\Repositorios Github\Deep Learning\DeepNeuralNetworkUSS-1\Projects\Supermarket\data\train\Vegetables_Potato_Floury-Potato\Floury-Potato_011.jpg","not_apple","train"
"C:\USS\Repositorios Github\Deep Learning\DeepNeuralNetworkUSS-1\Projects\Supermarket\data\train\Vegetables_Potato_Floury-Potato\Floury-Potato_012.jpg","not_apple","train"
"C:\USS\Repositorios Github\Deep Learning\DeepNeuralNetworkUSS-1\Projects\Supermarket\data\train\Vegetables_Potato_Floury-Potato\Floury-Potato_013.jpg","not_apple","train"
"C:\USS\Repositorios Github\Deep Learning\DeepNeuralNetworkUSS-1\Projects\Supermarket\data\train\Vegetables_Potato_Floury-Potato\Floury-Potato_014.jpg","not_apple","train"
"C:\USS\Repositorios Github\Deep Learning\DeepNeuralNetworkUSS-1\Projects\Supermarket\data\train\Vegetables_Potato_Floury-Potato\Floury-Potato_015.jpg","not_apple","train"
"C:\USS\Repositorios Github\Deep Learning\DeepNeuralNetworkUSS-1\Projects\Supermarket\data\train\Vegetables_Potato_Floury-Potato\Floury-Potato_016.jpg","not_apple","train"
"C:\USS\Repositorios Github\Deep Learning\DeepNeuralNetworkUSS-1\Projects\Supermarket\data\train\Vegetables_Potato_Floury-Potato\Floury-Potato_017.jpg","not_apple","train"
"C:\USS\Repositorios Github\Deep Learning\DeepNeuralNetworkUSS-1\Projects\Supermarket\data\train\Vegetables_Potato_Floury-Potato\Floury-Potato_018.jpg","not_apple","train"
"C:\USS\Repositorios Github\Deep Learning\DeepNeuralNetworkUSS-1\Projects\Supermarket\data\train\Vegetables_Potato_Solid-Potato\Solid-Potato_004.jpg","not_apple","train"
"C:\USS\Repositorios Github\Deep Learning\DeepNeuralNetworkUSS-1\Projects\Supermarket\data\train\Vegetables_Potato_Solid-Potato\Solid-Potato_005.jpg","not_apple","train"
"C:\USS\Repositorios Github\Deep Learning\DeepNeuralNetworkUSS-1\Projects\Supermarket\data\train\Vegetables_Potato_Solid-Potato\Solid-Potato_006.jpg","not_apple","train"
"C:\USS\Repositorios Github\Deep Learning\DeepNeuralNetworkUSS-1\Projects\Supermarket\data\train\Vegetables_Potato_Solid-Potato\Solid-Potato_008.jpg","not_apple","train"
"C:\USS\Repositorios Github\Deep Learning\DeepNeuralNetworkUSS-1\Projects\Supermarket\data\train\Vegetables_Potato_Solid-Potato\Solid-Potato_009.jpg","not_apple","train"
"C:\USS\Repositorios Github\Deep Learning\DeepNeuralNetworkUSS-1\Projects\Supermarket\data\train\Vegetables_Potato_Solid-Potato\Solid-Potato_010.jpg","not_apple","train"
"C:\USS\Repositorios Github\Deep Learning\DeepNeuralNetworkUSS-1\Projects\Supermarket\data\train\Vegetables_Potato_Solid-Potato\Solid-Potato_011.jpg","not_apple","train"
"C:\USS\Repositorios Github\Deep Learning\DeepNeuralNetworkUSS-1\Projects\Supermarket\data\train\Vegetables_Potato_Solid-Potato\Solid-Potato_012.jpg","not_apple","train"
"C:\USS\Repositorios Github\Deep Learning\DeepNeuralNetworkUSS-1\Projects\Supermarket\data\train\Vegetables_Potato_Solid-Potato\Solid-Potato_018.jpg","not_apple","train"
"C:\USS\Repositorios Github\Deep Learning\DeepNeuralNetworkUSS-1\Projects\Supermarket\data\train\Vegetables_Potato_Solid-Potato\Solid-Potato_019.jpg","not_apple","train"
"C:\USS\Repositorios Github\Deep Learning\DeepNeuralNetworkUSS-1\Projects\Supermarket\data\train\Vegetables_Potato_Solid-Potato\Solid-Potato_020.jpg","not_apple","train"
"C:\USS\Repositorios Github\Deep Learning\DeepNeuralNetworkUSS-1\Projects\Supermarket\data\train\Vegetables_Potato_Solid-Potato\Solid-Potato_021.jpg","not_apple","train"
"C:\USS\Repositorios Github\Deep Learning\DeepNeuralNetworkUSS-1\Projects\Supermarket\data\train\Vegetables_Potato_Solid-Potato\Solid-Potato_022.jpg","not_apple","train"
"C:\USS\Repositorios Github\Deep Learning\DeepNeuralNetworkUSS-1\Projects\Supermarket\data\train\Vegetables_Potato_Solid-Potato\Solid-Potato_023.jpg","not_apple","train"
"C:\USS\Repositorios Github\Deep Learning\DeepNeuralNetworkUSS-1\Projects\Supermarket\data\train\Vegetables_Potato_Solid-Potato\Solid-Potato_024.jpg","not_apple","train"
"C:\USS\Repositorios Github\Deep Learning\DeepNeuralNetworkUSS-1\Projects\Supermarket\data\train\Vegetables_Potato_Solid-Potato\Solid-Potato_025.jpg","not_apple","train"
"C:\USS\Repositorios Github\Deep Learning\DeepNeuralNetworkUSS-1\Projects\Supermarket\data\train\Vegetables_Potato_Solid-Potato\Solid-Potato_026.jpg","not_apple","train"
"C:\USS\Repositorios Github\Deep Learning\DeepNeuralNetworkUSS-1\Projects\Supermarket\data\train\Vegetables_Potato_Solid-Potato\Solid-Potato_027.jpg","not_apple","train"
"C:\USS\Repositorios Github\Deep Learning\DeepNeuralNetworkUSS-1\Projects\Supermarket\data\train\Vegetables_Potato_Sweet-Potato\Sweet-Potato_001.jpg","not_apple","train"
"C:\USS\Repositorios Github\Deep Learning\DeepNeuralNetworkUSS-1\Projects\Supermarket\data\train\Vegetables_Potato_Sweet-Potato\Sweet-Potato_002.jpg","not_apple","train"
"C:\USS\Repositorios Github\Deep Learning\DeepNeuralNetworkUSS-1\Projects\Supermarket\data\train\Vegetables_Potato_Sweet-Potato\Sweet-Potato_003.jpg","not_apple","train"
"C:\USS\Repositorios Github\Deep Learning\DeepNeuralNetworkUSS-1\Projects\Supermarket\data\train\Vegetables_Potato_Sweet-Potato\Sweet-Potato_004.jpg","not_apple","train"
"C:\USS\Repositorios Github\Deep Learning\DeepNeuralNetworkUSS-1\Projects\Supermarket\data\train\Vegetables_Potato_Sweet-Potato\Sweet-Potato_005.jpg","not_apple","train"
"C:\USS\Repositorios Github\Deep Learning\DeepNeuralNetworkUSS-1\Projects\Supermarket\data\train\Vegetables_Potato_Sweet-Potato\Sweet-Potato_006.jpg","not_apple","train"
"C:\USS\Repositorios Github\Deep Learning\DeepNeuralNetworkUSS-1\Projects\Supermarket\data\train\Vegetables_Potato_Sweet-Potato\Sweet-Potato_007.jpg","not_apple","train"
"C:\USS\Repositorios Github\Deep Learning\DeepNeuralNetworkUSS-1\Projects\Supermarket\data\train\Vegetables_Potato_Sweet-Potato\Sweet-Potato_008.jpg","not_apple","train"
"C:\USS\Repositorios Github\Deep Learning\DeepNeuralNetworkUSS-1\Projects\Supermarket\data\train\Vegetables_Potato_Sweet-Potato\Sweet-Potato_009.jpg","not_apple","train"
"C:\USS\Repositorios Github\Deep Learning\DeepNeuralNetworkUSS-1\Projects\Supermarket\data\train\Vegetables_Potato_Sweet-Potato\Sweet-Potato_010.jpg","not_apple","train"
"C:\USS\Repositorios Github\Deep Learning\DeepNeuralNetworkUSS-1\Projects\Supermarket\data\train\Vegetables_Potato_Sweet-Potato\Sweet-Potato_011.jpg","not_apple","train"
"C:\USS\Repositorios Github\Deep Learning\DeepNeuralNetworkUSS-1\Projects\Supermarket\data\train\Vegetables_Potato_Sweet-Potato\Sweet-Potato_012.jpg","not_apple","train"
"C:\USS\Repositorios Github\Deep Learning\DeepNeuralNetworkUSS-1\Projects\Supermarket\data\train\Vegetables_Potato_Sweet-Potato\Sweet-Potato_013.jpg","not_apple","train"
"C:\USS\Repositorios Github\Deep Learning\DeepNeuralNetworkUSS-1\Projects\Supermarket\data\train\Vegetables_Potato_Sweet-Potato\Sweet-Potato_014.jpg","not_apple","train"
"C:\USS\Repositorios Github\Deep Learning\DeepNeuralNetworkUSS-1\Projects\Supermarket\data\train\Vegetables_Potato_Sweet-Potato\Sweet-Potato_015.jpg","not_apple","train"
"C:\USS\Repositorios Github\Deep Learning\DeepNeuralNetworkUSS-1\Projects\Supermarket\data\train\Vegetables_Potato_Sweet-Potato\Sweet-Potato_016.jpg","not_apple","train"
"C:\USS\Repositorios Github\Deep Learning\DeepNeuralNetworkUSS-1\Projects\Supermarket\data\train\Vegetables_Potato_Sweet-Potato\Sweet-Potato_017.jpg","not_apple","train"
"C:\USS\Repositorios Github\Deep Learning\DeepNeuralNetworkUSS-1\Projects\Supermarket\data\train\Vegetables_Potato_Sweet-Potato\Sweet-Potato_018.jpg","not_apple","train"
"C:\USS\Repositorios Github\Deep Learning\DeepNeuralNetworkUSS-1\Projects\Supermarket\data\train\Vegetables_Potato_Sweet-Potato\Sweet-Potato_019.jpg","not_apple","train"
"C:\USS\Repositorios Github\Deep Learning\DeepNeuralNetworkUSS-1\Projects\Supermarket\data\train\Vegetables_Potato_Sweet-Potato\Sweet-Potato_020.jpg","not_apple","train"
"C:\USS\Repositorios Github\Deep Learning\DeepNeuralNetworkUSS-1\Projects\Supermarket\data\train\Vegetables_Potato_Sweet-Potato\Sweet-Potato_021.jpg","not_apple","train"
"C:\USS\Repositorios Github\Deep Learning\DeepNeuralNetworkUSS-1\Projects\Supermarket\data\train\Vegetables_Potato_Sweet-Potato\Sweet-Potato_022.jpg","not_apple","train"
"C:\USS\Repositorios Github\Deep Learning\DeepNeuralNetworkUSS-1\Projects\Supermarket\data\train\Vegetables_Potato_Sweet-Potato\Sweet-Potato_023.jpg","not_apple","train"
"C:\USS\Repositorios Github\Deep Learning\DeepNeuralNetworkUSS-1\Projects\Supermarket\data\train\Vegetables_Potato_Sweet-Potato\Sweet-Potato_024.jpg","not_apple","train"
"C:\USS\Repositorios Github\Deep Learning\DeepNeuralNetworkUSS-1\Projects\Supermarket\data\train\Vegetables_Potato_Sweet-Potato\Sweet-Potato_025.jpg","not_apple","train"
"C:\USS\Repositorios Github\Deep Learning\DeepNeuralNetworkUSS-1\Projects\Supermarket\data\train\Vegetables_Potato_Sweet-Potato\Sweet-Potato_026.jpg","not_apple","train"
"C:\USS\Repositorios Github\Deep Learning\DeepNeuralNetworkUSS-1\Projects\Supermarket\data\train\Vegetables_Potato_Sweet-Potato\Sweet-Potato_027.jpg","not_apple","train"
"C:\USS\Repositorios Github\Deep Learning\DeepNeuralNetworkUSS-1\Projects\Supermarket\data\train\Vegetables_Potato_Sweet-Potato\Sweet-Potato_028.jpg","not_apple","train"
"C:\USS\Repositorios Github\Deep Learning\DeepNeuralNetworkUSS-1\Projects\Supermarket\data\train\Vegetables_Potato_Sweet-Potato\Sweet-Potato_029.jpg","not_apple","train"
"C:\USS\Repositorios Github\Deep Learning\DeepNeuralNetworkUSS-1\Projects\Supermarket\data\train\Vegetables_Tomato_Beef-Tomato\Beef-Tomato_001.jpg","not_apple","train"
"C:\USS\Repositorios Github\Deep Learning\DeepNeuralNetworkUSS-1\Projects\Supermarket\data\train\Vegetables_Tomato_Beef-Tomato\Beef-Tomato_002.jpg","not_apple","train"
"C:\USS\Repositorios Github\Deep Learning\DeepNeuralNetworkUSS-1\Projects\Supermarket\data\train\Vegetables_Tomato_Beef-Tomato\Beef-Tomato_003.jpg","not_apple","train"
"C:\USS\Repositorios Github\Deep Learning\DeepNeuralNetworkUSS-1\Projects\Supermarket\data\train\Vegetables_Tomato_Beef-Tomato\Beef-Tomato_004.jpg","not_apple","train"
"C:\USS\Repositorios Github\Deep Learning\DeepNeuralNetworkUSS-1\Projects\Supermarket\data\train\Vegetables_Tomato_Beef-Tomato\Beef-Tomato_005.jpg","not_apple","train"
"C:\USS\Repositorios Github\Deep Learning\DeepNeuralNetworkUSS-1\Projects\Supermarket\data\train\Vegetables_Tomato_Beef-Tomato\Beef-Tomato_006.jpg","not_apple","train"
"C:\USS\Repositorios Github\Deep Learning\DeepNeuralNetworkUSS-1\Projects\Supermarket\data\train\Vegetables_Tomato_Beef-Tomato\Beef-Tomato_007.jpg","not_apple","train"
"C:\USS\Repositorios Github\Deep Learning\DeepNeuralNetworkUSS-1\Projects\Supermarket\data\train\Vegetables_Tomato_Beef-Tomato\Beef-Tomato_008.jpg","not_apple","train"
"C:\USS\Repositorios Github\Deep Learning\DeepNeuralNetworkUSS-1\Projects\Supermarket\data\train\Vegetables_Tomato_Beef-Tomato\Beef-Tomato_009.jpg","not_apple","train"
"C:\USS\Repositorios Github\Deep Learning\DeepNeuralNetworkUSS-1\Projects\Supermarket\data\train\Vegetables_Tomato_Beef-Tomato\Beef-Tomato_010.jpg","not_apple","train"
"C:\USS\Repositorios Github\Deep Learning\DeepNeuralNetworkUSS-1\Projects\Supermarket\data\train\Vegetables_Tomato_Beef-Tomato\Beef-Tomato_011.jpg","not_apple","train"
"C:\USS\Repositorios Github\Deep Learning\DeepNeuralNetworkUSS-1\Projects\Supermarket\data\train\Vegetables_Tomato_Beef-Tomato\Beef-Tomato_012.jpg","not_apple","train"
"C:\USS\Repositorios Github\Deep Learning\DeepNeuralNetworkUSS-1\Projects\Supermarket\data\train\Vegetables_Tomato_Beef-Tomato\Beef-Tomato_013.jpg","not_apple","train"
"C:\USS\Repositorios Github\Deep Learning\DeepNeuralNetworkUSS-1\Projects\Supermarket\data\train\Vegetables_Tomato_Beef-Tomato\Beef-Tomato_014.jpg","not_apple","train"
"C:\USS\Repositorios Github\Deep Learning\DeepNeuralNetworkUSS-1\Projects\Supermarket\data\train\Vegetables_Tomato_Beef-Tomato\Beef-Tomato_015.jpg","not_apple","train"
"C:\USS\Repositorios Github\Deep Learning\DeepNeuralNetworkUSS-1\Projects\Supermarket\data\train\Vegetables_Tomato_Beef-Tomato\Beef-Tomato_016.jpg","not_apple","train"
"C:\USS\Repositorios Github\Deep Learning\DeepNeuralNetworkUSS-1\Projects\Supermarket\data\train\Vegetables_Tomato_Beef-Tomato\Beef-Tomato_017.jpg","not_apple","train"
"C:\USS\Repositorios Github\Deep Learning\DeepNeuralNetworkUSS-1\Projects\Supermarket\data\train\Vegetables_Tomato_Beef-Tomato\Beef-Tomato_018.jpg","not_apple","train"
"C:\USS\Repositorios Github\Deep Learning\DeepNeuralNetworkUSS-1\Projects\Supermarket\data\train\Vegetables_Tomato_Beef-Tomato\Beef-Tomato_019.jpg","not_apple","train"
"C:\USS\Repositorios Github\Deep Learning\DeepNeuralNetworkUSS-1\Projects\Supermarket\data\train\Vegetables_Tomato_Beef-Tomato\Beef-Tomato_020.jpg","not_apple","train"
"C:\USS\Repositorios Github\Deep Learning\DeepNeuralNetworkUSS-1\Projects\Supermarket\data\train\Vegetables_Tomato_Beef-Tomato\Beef-Tomato_021.jpg","not_apple","train"
"C:\USS\Repositorios Github\Deep Learning\DeepNeuralNetworkUSS-1\Projects\Supermarket\data\train\Vegetables_Tomato_Beef-Tomato\Beef-Tomato_022.jpg","not_apple","train"
"C:\USS\Repositorios Github\Deep Learning\DeepNeuralNetworkUSS-1\Projects\Supermarket\data\train\Vegetables_Tomato_Beef-Tomato\Beef-Tomato_023.jpg","not_apple","train"
"C:\USS\Repositorios Github\Deep Learning\DeepNeuralNetworkUSS-1\Projects\Supermarket\data\train\Vegetables_Tomato_Beef-Tomato\Beef-Tomato_024.jpg","not_apple","train"
"C:\USS\Repositorios Github\Deep Learning\DeepNeuralNetworkUSS-1\Projects\Supermarket\data\train\Vegetables_Tomato_Beef-Tomato\Beef-Tomato_025.jpg","not_apple","train"
"C:\USS\Repositorios Github\Deep Learning\DeepNeuralNetworkUSS-1\Projects\Supermarket\data\train\Vegetables_Tomato_Beef-Tomato\Beef-Tomato_026.jpg","not_apple","train"
"C:\USS\Repositorios Github\Deep Learning\DeepNeuralNetworkUSS-1\Projects\Supermarket\data\train\Vegetables_Tomato_Beef-Tomato\Beef-Tomato_027.jpg","not_apple","train"
"C:\USS\Repositorios Github\Deep Learning\DeepNeuralNetworkUSS-1\Projects\Supermarket\data\train\Vegetables_Tomato_Beef-Tomato\Beef-Tomato_028.jpg","not_apple","train"
"C:\USS\Repositorios Github\Deep Learning\DeepNeuralNetworkUSS-1\Projects\Supermarket\data\train\Vegetables_Tomato_Beef-Tomato\Beef-Tomato_029.jpg","not_apple","train"
"C:\USS\Repositorios Github\Deep Learning\DeepNeuralNetworkUSS-1\Projects\Supermarket\data\train\Vegetables_Tomato_Beef-Tomato\Beef-Tomato_030.jpg","not_apple","train"
"C:\USS\Repositorios Github\Deep Learning\DeepNeuralNetworkUSS-1\Projects\Supermarket\data\train\Vegetables_Tomato_Beef-Tomato\Beef-Tomato_031.jpg","not_apple","train"
"C:\USS\Repositorios Github\Deep Learning\DeepNeuralNetworkUSS-1\Projects\Supermarket\data\train\Vegetables_Tomato_Beef-Tomato\Beef-Tomato_032.jpg","not_apple","train"
"C:\USS\Repositorios Github\Deep Learning\DeepNeuralNetworkUSS-1\Projects\Supermarket\data\train\Vegetables_Tomato_Beef-Tomato\Beef-Tomato_033.jpg","not_apple","train"
"C:\USS\Repositorios Github\Deep Learning\DeepNeuralNetworkUSS-1\Projects\Supermarket\data\train\Vegetables_Tomato_Beef-Tomato\Beef-Tomato_034.jpg","not_apple","train"
"C:\USS\Repositorios Github\Deep Learning\DeepNeuralNetworkUSS-1\Projects\Supermarket\data\train\Vegetables_Tomato_Regular-Tomato\Regular-Tomato_001.jpg","not_apple","train"
"C:\USS\Repositorios Github\Deep Learning\DeepNeuralNetworkUSS-1\Projects\Supermarket\data\train\Vegetables_Tomato_Regular-Tomato\Regular-Tomato_002.jpg","not_apple","train"
"C:\USS\Repositorios Github\Deep Learning\DeepNeuralNetworkUSS-1\Projects\Supermarket\data\train\Vegetables_Tomato_Regular-Tomato\Regular-Tomato_003.jpg","not_apple","train"
"C:\USS\Repositorios Github\Deep Learning\DeepNeuralNetworkUSS-1\Projects\Supermarket\data\train\Vegetables_Tomato_Regular-Tomato\Regular-Tomato_008.jpg","not_apple","train"
"C:\USS\Repositorios Github\Deep Learning\DeepNeuralNetworkUSS-1\Projects\Supermarket\data\train\Vegetables_Tomato_Regular-Tomato\Regular-Tomato_009.jpg","not_apple","train"
"C:\USS\Repositorios Github\Deep Learning\DeepNeuralNetworkUSS-1\Projects\Supermarket\data\train\Vegetables_Tomato_Regular-Tomato\Regular-Tomato_014.jpg","not_apple","train"
"C:\USS\Repositorios Github\Deep Learning\DeepNeuralNetworkUSS-1\Projects\Supermarket\data\train\Vegetables_Tomato_Regular-Tomato\Regular-Tomato_015.jpg","not_apple","train"
"C:\USS\Repositorios Github\Deep Learning\DeepNeuralNetworkUSS-1\Projects\Supermarket\data\train\Vegetables_Tomato_Regular-Tomato\Regular-Tomato_016.jpg","not_apple","train"
"C:\USS\Repositorios Github\Deep Learning\DeepNeuralNetworkUSS-1\Projects\Supermarket\data\train\Vegetables_Tomato_Regular-Tomato\Regular-Tomato_017.jpg","not_apple","train"
"C:\USS\Repositorios Github\Deep Learning\DeepNeuralNetworkUSS-1\Projects\Supermarket\data\train\Vegetables_Tomato_Regular-Tomato\Regular-Tomato_018.jpg","not_apple","train"
"C:\USS\Repositorios Github\Deep Learning\DeepNeuralNetworkUSS-1\Projects\Supermarket\data\train\Vegetables_Tomato_Regular-Tomato\Regular-Tomato_019.jpg","not_apple","train"
"C:\USS\Repositorios Github\Deep Learning\DeepNeuralNetworkUSS-1\Projects\Supermarket\data\train\Vegetables_Tomato_Regular-Tomato\Regular-Tomato_020.jpg","not_apple","train"
"C:\USS\Repositorios Github\Deep Learning\DeepNeuralNetworkUSS-1\Projects\Supermarket\data\train\Vegetables_Tomato_Regular-Tomato\Regular-Tomato_021.jpg","not_apple","train"
"C:\USS\Repositorios Github\Deep Learning\DeepNeuralNetworkUSS-1\Projects\Supermarket\data\train\Vegetables_Tomato_Regular-Tomato\Regular-Tomato_022.jpg","not_apple","train"
"C:\USS\Repositorios Github\Deep Learning\DeepNeuralNetworkUSS-1\Projects\Supermarket\data\train\Vegetables_Tomato_Regular-Tomato\Regular-Tomato_023.jpg","not_apple","train"
"C:\USS\Repositorios Github\Deep Learning\DeepNeuralNetworkUSS-1\Projects\Supermarket\data\train\Vegetables_Tomato_Regular-Tomato\Regular-Tomato_024.jpg","not_apple","train"
"C:\USS\Repositorios Github\Deep Learning\DeepNeuralNetworkUSS-1\Projects\Supermarket\data\train\Vegetables_Tomato_Regular-Tomato\Regular-Tomato_025.jpg","not_apple","train"
"C:\USS\Repositorios Github\Deep Learning\DeepNeuralNetworkUSS-1\Projects\Supermarket\data\train\Vegetables_Tomato_Regular-Tomato\Regular-Tomato_026.jpg","not_apple","train"
"C:\USS\Repositorios Github\Deep Learning\DeepNeuralNetworkUSS-1\Projects\Supermarket\data\train\Vegetables_Tomato_Regular-Tomato\Regular-Tomato_027.jpg","not_apple","train"
"C:\USS\Repositorios Github\Deep Learning\DeepNeuralNetworkUSS-1\Projects\Supermarket\data\train\Vegetables_Tomato_Regular-Tomato\Regular-Tomato_028.jpg","not_apple","train"
"C:\USS\Repositorios Github\Deep Learning\DeepNeuralNetworkUSS-1\Projects\Supermarket\data\train\Vegetables_Tomato_Regular-Tomato\Regular-Tomato_029.jpg","not_apple","train"
"C:\USS\Repositorios Github\Deep Learning\DeepNeuralNetworkUSS-1\Projects\Supermarket\data\train\Vegetables_Tomato_Regular-Tomato\Regular-Tomato_030.jpg","not_apple","train"
"C:\USS\Repositorios Github\Deep Learning\DeepNeuralNetworkUSS-1\Projects\Supermarket\data\train\Vegetables_Tomato_Regular-Tomato\Regular-Tomato_031.jpg","not_apple","train"
"C:\USS\Repositorios Github\Deep Learning\DeepNeuralNetworkUSS-1\Projects\Supermarket\data\train\Vegetables_Tomato_Regular-Tomato\Regular-Tomato_032.jpg","not_apple","train"
"C:\USS\Repositorios Github\Deep Learning\DeepNeuralNetworkUSS-1\Projects\Supermarket\data\train\Vegetables_Tomato_Regular-Tomato\Regular-Tomato_033.jpg","not_apple","train"
"C:\USS\Repositorios Github\Deep Learning\DeepNeuralNetworkUSS-1\Projects\Supermarket\data\train\Vegetables_Tomato_Regular-Tomato\Regular-Tomato_034.jpg","not_apple","train"
"C:\USS\Repositorios Github\Deep Learning\DeepNeuralNetworkUSS-1\Projects\Supermarket\data\train\Vegetables_Tomato_Regular-Tomato\Regular-Tomato_035.jpg","not_apple","train"
"C:\USS\Repositorios Github\Deep Learning\DeepNeuralNetworkUSS-1\Projects\Supermarket\data\train\Vegetables_Tomato_Regular-Tomato\Regular-Tomato_036.jpg","not_apple","train"
"C:\USS\Repositorios Github\Deep Learning\DeepNeuralNetworkUSS-1\Projects\Supermarket\data\train\Vegetables_Tomato_Regular-Tomato\Regular-Tomato_037.jpg","not_apple","train"
"C:\USS\Repositorios Github\Deep Learning\DeepNeuralNetworkUSS-1\Projects\Supermarket\data\train\Vegetables_Tomato_Regular-Tomato\Regular-Tomato_040.jpg","not_apple","train"
"C:\USS\Repositorios Github\Deep Learning\DeepNeuralNetworkUSS-1\Projects\Supermarket\data\train\Vegetables_Tomato_Regular-Tomato\Regular-Tomato_041.jpg","not_apple","train"
"C:\USS\Repositorios Github\Deep Learning\DeepNeuralNetworkUSS-1\Projects\Supermarket\data\train\Vegetables_Tomato_Regular-Tomato\Regular-Tomato_042.jpg","not_apple","train"
"C:\USS\Repositorios Github\Deep Learning\DeepNeuralNetworkUSS-1\Projects\Supermarket\data\train\Vegetables_Tomato_Regular-Tomato\Regular-Tomato_043.jpg","not_apple","train"
"C:\USS\Repositorios Github\Deep Learning\DeepNeuralNetworkUSS-1\Projects\Supermarket\data\train\Vegetables_Tomato_Regular-Tomato\Regular-Tomato_044.jpg","not_apple","train"
"C:\USS\Repositorios Github\Deep Learning\DeepNeuralNetworkUSS-1\Projects\Supermarket\data\train\Vegetables_Tomato_Regular-Tomato\Regular-Tomato_045.jpg","not_apple","train"
"C:\USS\Repositorios Github\Deep Learning\DeepNeuralNetworkUSS-1\Projects\Supermarket\data\train\Vegetables_Tomato_Regular-Tomato\Regular-Tomato_046.jpg","not_apple","train"
"C:\USS\Repositorios Github\Deep Learning\DeepNeuralNetworkUSS-1\Projects\Supermarket\data\train\Vegetables_Tomato_Regular-Tomato\Regular-Tomato_047.jpg","not_apple","train"
"C:\USS\Repositorios Github\Deep Learning\DeepNeuralNetworkUSS-1\Projects\Supermarket\data\train\Vegetables_Tomato_Regular-Tomato\Regular-Tomato_048.jpg","not_apple","train"
"C:\USS\Repositorios Github\Deep Learning\DeepNeuralNetworkUSS-1\Projects\Supermarket\data\train\Vegetables_Tomato_Regular-Tomato\Regular-Tomato_049.jpg","not_apple","train"
"C:\USS\Repositorios Github\Deep Learning\DeepNeuralNetworkUSS-1\Projects\Supermarket\data\train\Vegetables_Tomato_Regular-Tomato\Regular-Tomato_050.jpg","not_apple","train"
"C:\USS\Repositorios Github\Deep Learning\DeepNeuralNetworkUSS-1\Projects\Supermarket\data\train\Vegetables_Tomato_Vine-Tomato\Vine-Tomato_001.jpg","not_apple","train"
"C:\USS\Repositorios Github\Deep Learning\DeepNeuralNetworkUSS-1\Projects\Supermarket\data\train\Vegetables_Tomato_Vine-Tomato\Vine-Tomato_002.jpg","not_apple","train"
"C:\USS\Repositorios Github\Deep Learning\DeepNeuralNetworkUSS-1\Projects\Supermarket\data\train\Vegetables_Tomato_Vine-Tomato\Vine-Tomato_003.jpg","not_apple","train"
"C:\USS\Repositorios Github\Deep Learning\DeepNeuralNetworkUSS-1\Projects\Supermarket\data\train\Vegetables_Tomato_Vine-Tomato\Vine-Tomato_004.jpg","not_apple","train"
"C:\USS\Repositorios Github\Deep Learning\DeepNeuralNetworkUSS-1\Projects\Supermarket\data\train\Vegetables_Tomato_Vine-Tomato\Vine-Tomato_005.jpg","not_apple","train"
"C:\USS\Repositorios Github\Deep Learning\DeepNeuralNetworkUSS-1\Projects\Supermarket\data\train\Vegetables_Tomato_Vine-Tomato\Vine-Tomato_006.jpg","not_apple","train"
"C:\USS\Repositorios Github\Deep Learning\DeepNeuralNetworkUSS-1\Projects\Supermarket\data\train\Vegetables_Tomato_Vine-Tomato\Vine-Tomato_007.jpg","not_apple","train"
"C:\USS\Repositorios Github\Deep Learning\DeepNeuralNetworkUSS-1\Projects\Supermarket\data\train\Vegetables_Tomato_Vine-Tomato\Vine-Tomato_008.jpg","not_apple","train"
"C:\USS\Repositorios Github\Deep Learning\DeepNeuralNetworkUSS-1\Projects\Supermarket\data\train\Vegetables_Tomato_Vine-Tomato\Vine-Tomato_009.jpg","not_apple","train"
"C:\USS\Repositorios Github\Deep Learning\DeepNeuralNetworkUSS-1\Projects\Supermarket\data\train\Vegetables_Tomato_Vine-Tomato\Vine-Tomato_010.jpg","not_apple","train"
"C:\USS\Repositorios Github\Deep Learning\DeepNeuralNetworkUSS-1\Projects\Supermarket\data\train\Vegetables_Tomato_Vine-Tomato\Vine-Tomato_011.jpg","not_apple","train"
"C:\USS\Repositorios Github\Deep Learning\DeepNeuralNetworkUSS-1\Projects\Supermarket\data\train\Vegetables_Tomato_Vine-Tomato\Vine-Tomato_012.jpg","not_apple","train"
"C:\USS\Repositorios Github\Deep Learning\DeepNeuralNetworkUSS-1\Projects\Supermarket\data\train\Vegetables_Tomato_Vine-Tomato\Vine-Tomato_013.jpg","not_apple","train"
"C:\USS\Repositorios Github\Deep Learning\DeepNeuralNetworkUSS-1\Projects\Supermarket\data\train\Vegetables_Tomato_Vine-Tomato\Vine-Tomato_014.jpg","not_apple","train"
"C:\USS\Repositorios Github\Deep Learning\DeepNeuralNetworkUSS-1\Projects\Supermarket\data\train\Vegetables_Tomato_Vine-Tomato\Vine-Tomato_015.jpg","not_apple","train"
"C:\USS\Repositorios Github\Deep Learning\DeepNeuralNetworkUSS-1\Projects\Supermarket\data\train\Vegetables_Tomato_Vine-Tomato\Vine-Tomato_016.jpg","not_apple","train"
"C:\USS\Repositorios Github\Deep Learning\DeepNeuralNetworkUSS-1\Projects\Supermarket\data\train\Vegetables_Tomato_Vine-Tomato\Vine-Tomato_017.jpg","not_apple","train"
"C:\USS\Repositorios Github\Deep Learning\DeepNeuralNetworkUSS-1\Projects\Supermarket\data\train\Vegetables_Tomato_Vine-Tomato\Vine-Tomato_018.jpg","not_apple","train"
"C:\USS\Repositorios Github\Deep Learning\DeepNeuralNetworkUSS-1\Projects\Supermarket\data\train\Vegetables_Tomato_Vine-Tomato\Vine-Tomato_019.jpg","not_apple","train"
"C:\USS\Repositorios Github\Deep Learning\DeepNeuralNetworkUSS-1\Projects\Supermarket\data\train\Vegetables_Tomato_Vine-Tomato\Vine-Tomato_020.jpg","not_apple","train"
"C:\USS\Repositorios Github\Deep Learning\DeepNeuralNetworkUSS-1\Projects\Supermarket\data\train\Vegetables_Tomato_Vine-Tomato\Vine-Tomato_021.jpg","not_apple","train"
"C:\USS\Repositorios Github\Deep Learning\DeepNeuralNetworkUSS-1\Projects\Supermarket\data\train\Vegetables_Tomato_Vine-Tomato\Vine-Tomato_022.jpg","not_apple","train"
"C:\USS\Repositorios Github\Deep Learning\DeepNeuralNetworkUSS-1\Projects\Supermarket\data\train\Vegetables_Tomato_Vine-Tomato\Vine-Tomato_023.jpg","not_apple","train"
"C:\USS\Repositorios Github\Deep Learning\DeepNeuralNetworkUSS-1\Projects\Supermarket\data\train\Vegetables_Tomato_Vine-Tomato\Vine-Tomato_024.jpg","not_apple","train"
"C:\USS\Repositorios Github\Deep Learning\DeepNeuralNetworkUSS-1\Projects\Supermarket\data\train\Vegetables_Tomato_Vine-Tomato\Vine-Tomato_025.jpg","not_apple","train"
"C:\USS\Repositorios Github\Deep Learning\DeepNeuralNetworkUSS-1\Projects\Supermarket\data\train\Vegetables_Tomato_Vine-Tomato\Vine-Tomato_026.jpg","not_apple","train"
"C:\USS\Repositorios Github\Deep Learning\DeepNeuralNetworkUSS-1\Projects\Supermarket\data\train\Vegetables_Tomato_Vine-Tomato\Vine-Tomato_027.jpg","not_apple","train"
"C:\USS\Repositorios Github\Deep Learning\DeepNeuralNetworkUSS-1\Projects\Supermarket\data\train\Vegetables_Tomato_Vine-Tomato\Vine-Tomato_028.jpg","not_apple","train"
"C:\USS\Repositorios Github\Deep Learning\DeepNeuralNetworkUSS-1\Projects\Supermarket\data\train\Vegetables_Tomato_Vine-Tomato\Vine-Tomato_029.jpg","not_apple","train"
"C:\USS\Repositorios Github\Deep Learning\DeepNeuralNetworkUSS-1\Projects\Supermarket\data\train\Vegetables_Tomato_Vine-Tomato\Vine-Tomato_030.jpg","not_apple","train"
"C:\USS\Repositorios Github\Deep Learning\DeepNeuralNetworkUSS-1\Projects\Supermarket\data\train\Vegetables_Tomato_Vine-Tomato\Vine-Tomato_031.jpg","not_apple","train"
"C:\USS\Repositorios Github\Deep Learning\DeepNeuralNetworkUSS-1\Projects\Supermarket\data\train\Vegetables_Tomato_Vine-Tomato\Vine-Tomato_032.jpg","not_apple","train"
"C:\USS\Repositorios Github\Deep Learning\DeepNeuralNetworkUSS-1\Projects\Supermarket\data\train\Vegetables_Tomato_Vine-Tomato\Vine-Tomato_033.jpg","not_apple","train"
"C:\USS\Repositorios Github\Deep Learning\DeepNeuralNetworkUSS-1\Projects\Supermarket\data\train\Vegetables_Tomato_Vine-Tomato\Vine-Tomato_034.jpg","not_apple","train"
"C:\USS\Repositorios Github\Deep Learning\DeepNeuralNetworkUSS-1\Projects\Supermarket\data\train\Vegetables_Tomato_Vine-Tomato\Vine-Tomato_035.jpg","not_apple","train"
"C:\USS\Repositorios Github\Deep Learning\DeepNeuralNetworkUSS-1\Projects\Supermarket\data\train\Vegetables_Tomato_Vine-Tomato\Vine-Tomato_036.jpg","not_apple","train"
"C:\USS\Repositorios Github\Deep Learning\DeepNeuralNetworkUSS-1\Projects\Supermarket\data\train\Vegetables_Tomato_Vine-Tomato\Vine-Tomato_037.jpg","not_apple","train"
"C:\USS\Repositorios Github\Deep Learning\DeepNeuralNetworkUSS-1\Projects\Supermarket\data\train\Vegetables_Tomato_Vine-Tomato\Vine-Tomato_038.jpg","not_apple","train"
"C:\USS\Repositorios Github\Deep Learning\DeepNeuralNetworkUSS-1\Projects\Supermarket\data\train\Vegetables_Tomato_Vine-Tomato\Vine-Tomato_039.jpg","not_apple","train"
"C:\USS\Repositorios Github\Deep Learning\DeepNeuralNetworkUSS-1\Projects\Supermarket\data\train\Vegetables_Tomato_Vine-Tomato\Vine-Tomato_040.jpg","not_apple","train"
"C:\USS\Repositorios Github\Deep Learning\DeepNeuralNetworkUSS-1\Projects\Supermarket\data\train\Vegetables_Tomato_Vine-Tomato\Vine-Tomato_041.jpg","not_apple","train"
"C:\USS\Repositorios Github\Deep Learning\DeepNeuralNetworkUSS-1\Projects\Supermarket\data\train\Vegetables_Tomato_Vine-Tomato\Vine-Tomato_042.jpg","not_apple","train"
"C:\USS\Repositorios Github\Deep Learning\DeepNeuralNetworkUSS-1\Projects\Supermarket\data\train\Vegetables_Tomato_Vine-Tomato\Vine-Tomato_043.jpg","not_apple","train"
